,Song_ID,Song,Lyrics
0,0X3VJo7g_1_0,101,"Dolje me ceka opaki stroj, i cakli se, svjeze okupan, to je blago spusten Stojadin moj, plus alu-felge i kozni volan. Sve nove marke s' pokretne trake, samo su bezdusne olupine, za moj unikat, sto posto rucni rad, od stosdenfera do auspuha. Ti se brzo obuci i ostavi sve, i ne pitaj me kuda idemo, osjecam potrebu da nekud' odem, a i stan mi vec lagano steze vrat. Ono sto zoves ti spiskati benzin, meni je mnogo, mnogo vise, cim motor zabruji osjecam da sam ziv, i da zivot ovdje sad i nije zadnja rijec. Mnogo mi puta kidao zivce, ali za rabljeni auto to je normalno, pod njim sam cesto proveo vikend, promijenio karoseriju i motor. Al' je inace k'o nov"
1,0X3VJo7g_1_1,A sto dalje,"Treba mi sada bilo tko, da l' kurva ili andjeo, u mraku ionako ne vidim, tad lakse ignoriram, pomalo glupav osjecaj, da jos dugo necu naci mir. Nazovi to odnos bez srca, perverzija il' fuk romansa, budi tu, pricaj mi o jutru, osvanut cemo vise puta, pripijeni na vrhuncu, a sto dalje, vidjet cu. A sto dalje, vidjet cu, samo zacepi i budi tu). Neke ti stvari nikad rekao nisam, mozda ti klaun vise odgovara), ali kriti se vijecno ne moze, moja pustos, moja mocvara. Bezobzirno cinicni, i dvolicni do krajnosti, ne dostizu nas emocije, vrline si uzimamo, sve drugo ostavljamo, nesto kao samoposluzivanje"
2,0X3VJo7g_1_2,Aleksandar Veliki,"Na lancu cvrstih karika povijesti i osvete, odveli su pacijenta iz tamnice do samice, zazidali mu horizont pricom o zavjeri, bolesnik sretan ostri noz u sitnoj celiji. Konacno je shvatio povijesnu mu zadacu, ne pusta nikog u sobu, cuva je i brani, skriva se u zasjedi, ceka da netko naleti, pa da ga tupim predmetom opici po glavi. Aleksandar Veliki u gumenoj ćeliji. Aleksandar Veliki u gumenoj ćeliji. Rekli mu da je to narodna nosnja, i bas mu je lijepa ova kosulja smedja, stoji mu krasno ali nije mu jasno, sto su rukavi svezani s ledja. On je. Aleksandar Veliki u gumenoj ćeliji. Aleksandar Veliki u gumenoj ćeliji. Aleksandar Veliki u gumenoj ćeliji. Aleksandar Veliki u gumenoj ćeliji"
3,0X3VJo7g_1_3,Anoreksik,"Usao bih lagano bez pozdrava. Za ruku držeći novi model. Uvijek neka nedodirljiva. Svaka ista, svaka sišla s modnih pišta. Sjeo bi za suprotni stol, Htio je da ga dobro vidimo). I počeo plaziti po njoj. Kratke prste šetat' bijelim bedrima. Da je barem zgodan bilo bi nam lakše. Da je barem zgodan bilo bi nam OK. Al kad po mladom mesom slini. Anoreksik s karijesom. To te baci u depresiju. Pito sam ga jednom kako bari. Dal' je tajna il' mi može reć. Reko mi je: Bitne su dvije stvari:. Jaka karizma i dobar auto strani."". Vidjeh ja, nisam toliko glup. Da pravi budalu od mene. Kakva krizma, kakva religija. I ja sam krizman pa nemam nikoga"
4,0X3VJo7g_1_4,Backizagre stuhpa seja,"diosero u lojma ćiku, u đupredgra gamo dagra, u liško su svi ga klitu, jeni moi mofonagra. kadot je dogle jevozma zdognje, stopo je gaman stopo je danga, rafu đicekole i kserbo, gatsby čehla i nicukru. bačkizagre stuhpa šeja, mojne mu se stavljatsupro, mai vulo, mai lako, mai gudro. mofonagra das mai damse, koni štani dani cnezu, gupman što mu live jok, tonskebe zmeči čenavu mas. bačkizagre stuhpa šeja, mojne mu se stavljatsupro, mai vulo, mai lako, mai ljedro"
5,0X3VJo7g_1_5,Bila je,"Bila je tako lijepa, kao tog jutra dan. Bila je tako lijepa, uvijek se sjecam nje, bila je tako lijepa, kad ju je odnio dan. Divna je ona bila, kada sam ostao sam, vise se nismo sreli, jer ju je odnio dan. Bila je. Sve je kao tajna, ostalo na kraju tom, oci i njene ruke, placni pogled njen. Mozda je i tako bolje, zaborav trosi sve, ali ipak pak se cesto, cesto se sjetim nje. Bila je. Danima vec kisa lije, uz prozor stojim sam, proslo je vec mnogo dana, obuze me tada san. Sjetih se onog jutra, nasega rastanka, sjetih se tihe rijeke, kojom je otisla. Bila je"
6,0X3VJo7g_1_6,Bilo koji broj,"Svakog radnog dana, svake subote radne, ja kuc, kuc, kuc na stok, samo da kazem bok, da vas pitam sveziglede kredita, kuc, kuc, kuc na stok, samo da kazem bok. Kaze dva plus dva nazalost nisu pet, cudim se sto veze kosu u rep, prica  mi o rati ne moguceg kredita, a ja ju slabo pratim, ne znam sto da pitam, a pit'o bi je, pit'o bilo sto, da budemo jos malo zajedno. Bit' cu bilo koji broj, samo, samo da sam tvoj, bit' cu jedan ali vrijedan, bit' cu dva ali s tobom, bit' cu bilo koji broj, samo, samo da sam tvoj. A pit'o bi je, pit'o bilo sto, da budemo jos malo zajedno, zajedno. Nisam kreditno sposoban za nov stan dvosoban. Bit' cu jedan ali vrijedan, bit' cu dva ali s tobom, bit cu bilo koji broj, samo da sam tvoj"
7,0X3VJo7g_1_7,Biološki Sat,"Prečvrsto ga držiš za ruku, gledaš ga pretjerano zaljubljeno, kada vas zajedno sretnem, onako odvratno sretne, u šopingu nedjeljom... Zar si zaboravila reć, il' si mu zaboravila reć, da te on ne pali, od prvog dana, i da ste zajedno samo, da ne ostaneš sama... Nisam ti rekao tad, al' ću ti reći sad, jebem i tebe i tvoj biološki sat... Reci mi da li si to na sniženju, jer je potražnja bila premala?. Hajde, zajebi tu priču, nego ispravi kičmu, pa taman se i ne prodala... Kad vas vidim to je domaći film, loši glumci, i još gori scenarij, pa mogu efekti i biti korektni, ali sumnjam, ma čisto sumnjam, u happy end... Nisam ti rekao tad, al' ću ti reći sad, jebem i tebe i tvoj biološki sat..."
8,0X3VJo7g_1_8,Bivsa zena,"Dosta je bilo kerefeka, ide cetrdeset neka, dosta milih gera, i histericnih luda. Sada mi treba fundament, zena da mi bude frend, treba mi zena, zena koja ima muda. Da mi bude u zivotu, barem petica na lotu, kad krene potres, jacih magnituda. Da me hrani smijeskom, da voli ovakvu robu s greskom, treba mi zena, zena koja ima muda. Da me uzme kakav jesam, zastrasen i bijesan. Da me uzme kakav jesam, zastrasen i bijesan, treba mi zena, barem malo savrsena, da me uzme kakav jesam, zastrasen i bijesan, treba mi zena. A nudim sebe, sa svom dodatnom opremom, frendovima i suludom rodbinom, za istu cijenu, dobijes i bivsu zenu, klinca iz proslog braka, i mene ludjaka"
9,0X3VJo7g_1_9,Blagdanska pjesma,Atmosfera blagdanska za praznik. Mira i ljubavi. Na vrata kuca djeda mraz potpuno. Naoružan. S njim višecijevni orkestar od. Pištolja do uzija. Brine se za sutrašnju prazničku. Crnu kroniku. Anđeli s krilima u maskirnim bojama. Kažu razdragani će rafali nekom zastati u glavi. Atmosfera blagdanska za praznik. Mira i ljubavi. Na vrata kuca djeda mraz. Potpuno naoružan. Vidim već jasno debeli naslov:. Dragog je Boga pogodila zolja. Zbog preniskog leta nad šupkom. Svijeta. Otišao je od nas veliki teoretičar
10,0X3VJo7g_1_10,Buba Švabe,"Poslije svakog dobrog fuka ogladnim k'o zvijer. Utrčavam u kuhinju, otvaram frižider. Uzimam tri jaja, margarin i sol. Pogledam salamu, kad na salami on. Brzo sam se vratio sa čizmom čet'resdva. Kastrirao sam bastarda sa dva-tri udarca. Zamotah mrtvaca u WC papir. I ostalo prepustio kanalizaciji. Buba švabe traže grabe, buba švabe svud. Buba švabe traže grabe, buba švabe svud. Bezbrižno i sretno uključih gramofon. I sve bi bilo lijepo da ne vidim plafon. Na plafonu gužvaju se dvadeset i dva. Bože moj, šta je ovo, cijela armija?. Zatvorio sam prozore i odvrnuo plin. A za svaki slučaj otrčah po benzin. Veliki spektakl, sjajna predstava. Uz veliki vatromet leti sve u zrak. Buba švabe traže grabe, buba švabe svud. Buba švabe traže grabe, buba švabe svud. Buba švabe traže grabe, buba švabe svud. Buba švabe traže grabe, buba švabe svud. Buba švabe traže grabe, buba švabe, buba švabe, buba švabe, buba švabe, buba švabe svud... U hladnom znoju okupan gledam kako gore. Čim cigaretu pripalim osjećat ću se bolje. Pretražujem džepove, tražim upaljač. A u džepovima . Pogodite šta?. Buba švabe traže grabe, buba švabe svud. Buba švabe traže grabe, buba švabe svud. Buba švabe traže grabe, buba švabe, buba švabe, buba švabe, buba švabe, buba švabe svud..."
11,0X3VJo7g_1_11,Buntovnik,"Povratak kasno, nema pitanja. U stanu ista zabokrećina. Starom bazde noge ispod popluna, Stara puna pilula. Ja sam samo oholi buntovnik bez razloga, Redovno kradem, ležim, ispijam. Stari za mene ne vidi izlaza, Moj nazivnik je dosada. Pred mojim vratima teška depresija, Pred tvojim vratima crknuti pas. Tebe ne zanima kako se osjećam. Mene još uvijek pitaju za nas."
12,0X3VJo7g_1_12,Carstvo pasea,"Ti znas da slika ne laze. Na kaucu lezi mladi tata. Nosi majicu boje stalaze. Nosi oci u tonu laminata. A njihov sin, prigodno lijep. Nikad nece dobit' po turu. Nije ko tvoj da vadicep zabija. Ravno u koznu garnituru. Tamo gdje boje ne bodu oci. Zivi bozica ikea. Pitas se da l' ces ikada moci. U dvobojno carstvo pasea. Kad ti muz ne pase uz ruz. Kad ti sin ne pase uz kamin. Da li postoje sanse da ces ikad uz njih. Uskladit' nijanse. Kad ti muz ne pase uz ruz. Kad ti sin ne pase uz kamin. Dala bi sve, i sebe, i muza, i malog. Da mozes uci u katalog. Uzalud ti muz lupa i zvoni. Na vratima je nova brava. Sin je zakljucan u kupaoni. Odluka teska, ali prava. Letjelo je danas ujutro. U velikom luku s balkona. Sve sto nije plavo il' zuto. Sad je u paseu prazna soba. I dok lezis gola i sama. Imas super ideju. Da se bacis i sama. Pa da bude sve u paseu"
13,0X3VJo7g_1_13,Čekaonica,"Da pokucam, možda je ipak prerano. Zurit ću još malo u sivi pod. I prebrojat pločice. Fino piše, molimo ne kucati. A ja bih htio nekoga upucati. Il skočit pod tračnice. Oprostite što dišem. Neću nikad više. Samo mi pomozite. Kroz šumu formulara. Bez malenoga dara. Jako slabo prolazim. Fino piše, molimo ne kucati. A ja bih htio nekoga upucati. Il skočit pod tračnice. Potrebno je donijeti dvije sličice. Osobnu i kopiju domovnice. I pričekat satima"
14,0X3VJo7g_1_14,Čelične zavjese,"Kuči se obićno vraćam kasno. Negdje u zoru poslije noćne smjene. Skidam se onda i ljubim strasno. Tijelo svoje vjerne žene. Onog tipa u krevetu našem. Nikad ja zaboraviti neću. Sigurno sam trebao. Da mu poželim sreću. Ujutro ti si spavala. Mladića svog pozivala u snu. A ja ti nožem mila moja. Presjekoh grkljan, presjekoh grkljan. Čelićne zavjese u mom manastiru. Počivala u miru, počivala u miru. Na zidu moje čelije piše. Metak u čelo i nema te više."
15,0X3VJo7g_1_15,Cirkus,"Tigar kroz obruc, da. Slon je na slonu, da. Pas je na konju, da. Samara akrobat. Lav plete mrezu, da. A deva plese, da. Glasno uzivaju. Debela djecica. I svi se smiju, da. Jedu i piju, da. Zavrsna tocka je. Tuca majmuna. Mjesto da slonovi slonaju. Mjesto da lavovi lavaju. Mjesto da foke se fukaju. Mjesto da deve se devaju. Mjesto da mace se macaju. Mjesto da lavovi lavaju. U kavezu spavaju. Tigar kroz obruc, da. Slon je na slonu, da. Pas je na konju, da. I opet akrobat. I macke laju, da. Misevi rzu, da. Krave zavijaju. Odlicna predstava"
16,0X3VJo7g_1_16,Dan oslobodjenja,"Po cijelom gradu upalih svijece, sutra, samo zbog mene, slijece, osobno gospon predsjednik, a ja sam jedini stanovnik. A bas je glupo sto nikog nema, a sutra je Dan oslobodjenja. Iz Kine stize kontejner stanovnika, da masu limuzini predsjednika, narucio sam hrpu ljudi od kartona, da mu klicu sa balkona. Jer, bilo bi glupo da nikog nema, a sutra je Dan oslobodjenja. Uglanc'o sam svaku fasadu, opr'o se, i obrij'o bradu, a jedini jebivjetri koji rade, salju mi cestitke iz Kanade. Kazu, pozdravi nam domovinu, najdivniju zemlju svijeta, ma, gon´te se u materinu, lijepa vam je izdaleka. Hodam gol kroz shopping mall, tu i tamo nesto maznem, pa sam murija k'o fol, sam sebi pisem kazne"
17,0X3VJo7g_1_17,Debeli,"Nema vise okolisanja, ogledalo je okrutno, nisi jaci niti punasan, nego debel naprosto. Tu ni ocajna dijeta, dva dana prije ljeta, nece nista promijeniti. Ti si debeli, debeli, debeli, debeli. Jer tijelo ne laze, kada dodje do plaze, kad tad moras udahnuti, pa si, debeli, debeli, debeli, debeli. Dok se bijelo salo prelijeva, preko gaca kupacih, dojam koji ostavljas, i nije jebacki. Dok neko seta curicu, ti uglavnom setas kozicu, kozicu, kozicu, a to nije jebacki"
18,0X3VJo7g_1_18,Diznilend,"Rahitični je starac rekao za novine. Da će za pola stoljeca ovdje biti Diznilend. Mi ćemo svi do tad ovo vrijeme čekanja. Provesti kao druga bijeda vapeći za pomoć svijeta. U mom kvartu je status quo, planovi u vakumu. Prelazimo masovno u alkoše za pokerom. U mom kvartu je status quo, planovi u vakumu. Prelazimo masovno u alkoše za pokerom. Al' imam rok trajanja koji mi brzo istiće. I za to nemam vremena čekati dalje zombije. Al' imam rok trajanja koji mi brzo istiće. I za to nemam vremena čekati dalje zombije"
19,0X3VJo7g_1_19,Dobri prijatelji,"Tvoje lice poput uhode me prati. Kroz preduge uvode. Spoticem se nespretno. O rijeci koje sam pripremio. Stojim pokraj sebe i s gadjenjem. Slusam kako te obradjujem. Pricam ti o vezama, o nama. Bitangama, princezama. I krene kao los refren. Koji te rastuzuje. Da si ti njezni cvijet. A ja probisvjet. Sto te ne zasluzuje. Reci, zasto ne bi htjela. Imati mene za prijatelja. Evo, ja cu biti tvoj najbolji drug. Pa svrati na kavu ili na fuk. I nikog ne muci pitanje smijesno. Dok se rastajemo u idili. Kako cemo samo ostati nesto. Sto nikada nismo ni bili"
20,0X3VJo7g_1_20,Dobro veče,"Zadnji tramvaj preko plavog mosta, Crtam nešto lijepo na zamagljena stakla. Čim sanker izbaci posljednjeg gosta, Ja se vraćam u odaje svog privatnog pakla. Balanseti na samom rubu, Bolesno uporni u vježbanju strasti. Samo još boce pomažu letu, Sad smo ponovno trijezni, ponovno stranci. Dobro veče i dobro došli svi. U nač trodimenzionalni horror film."
21,0X3VJo7g_1_21,Džepni bog,"Večeras je meč svih mečeva. To je meč koji obećava. Tribine drhte k'o životinja bijesna. Dva boga u ringu. Kojima je zemlja pretijesna. Gledam te vjerske huligane. Kako nam broje zadnje dane. Kliču svome Übermenschu. Da digne cijeli svijet u benču. Moj je bog jači od tvog. Moj je bog jači od tvog. S obje tribine čuju se iste himne. Moj je bog jači od tvog. Moj je bog jači od tvog. U njegovo ime se lakše gine. Pokušavam skužit' što ih fura. Kroz taj svijet karikatura. Sve što im se u glavi vrti, su pakao, raj i strah od smrti. Ja i tom strašnom junaku. Gore na oblaku skidam kapu. Ali mi duša nije toliko plaha. Da ću ga voljet' iz straha. Ma, tvoj je bog jači od mog. Tvoj je bog jači od mog. U njegovo ime se lakše gine. Tvoj je bog jači od mog. Tvoj je bog jači od mog. U njegovo ime se lakše gine. Tvoj je bog jači od mog. Tvoj je bog jači od mog. Moj nije visok, snažan, nabildan i lijep. Ali mi fino stane u džep. Moj džepni bog je uvijek uz mene. On prati me, i to na duge pruge. On je samo moj, samo moj heroj. Pa nema potrebe da s njime gnjavim druge. Moj džepni bog je uvijek uz mene. On prati me, i to na duge pruge. On je samo moj, samo moj heroj. Pa nema potrebe da s njime gnjavim druge. Moj džepni bog će bogu tvom. Bogu tvom. Pokazati boga"
22,0X3VJo7g_1_22,Evo mene na ručku,"Život nije fer, znam nije vam lako, kud baš vaša kćer, da naleti na takvog, divljaka iz drugog plemena, vrlo plodnog sjemena. U vašem domu, sve je domaće, osim naravno, mene koji sada žvače, domaći batak, što ga treba odžvakat, neki domaći dečko, ali neće srećo. Dva lava od gipsa i, svi mogući sveci su vam čuvali kuću, al' evo mene na ručku, al' evo mene na ručku. Ni uramljena slika prvog predsjednika, iznad ognjišta nije pomogla ništa, evo mene na ručku, evo mene na ručku. Ljubaznost vrijeđa ko nož u leđa, stara krunicu moli da bar krepam, pod stolnjakom poga tvoja nervozna noga, a ja ti šapućem: ljubavi, idemo doma'. Dva lava od gipsa i, svi mogući sveci su vam čuvali kuću, al' evo mene na ručku, al' evo mene na ručku. Ni uranjena slika prvog predsjednika, iznad ognjišta nije pomogla ništa, evo mene na ručku, evo mene na ručku."
23,0X3VJo7g_1_23,Ezoterija,"Ne pratim zvijezde ni horoskop, ezoterija me nervira, na šesto čulo sam gluh ko top, jedino napušen, mogu biti zen. Valjda od rođenja patim, od kroničnog manjka čakri, pa iz duhovne garsonijere, ne vidim više sfere tko će ga znati. Možda sam labilan k'o raskliman stol. Ili nadrkan na sve što je ko fol, na sve te histerične žene, što mi preko ekrana čitaju s dlana, molim cijelo histerično pleme, stigmatika i šamana... Nek maknu ruke s mog volana!. Nek maknu dupe sa mog sica!. Ja putujem gez gpsa... Gpsa sa nebesa. Gosopodo majstori tarota, i lokalni dileri zagrobnog života, znam da bit će mi žao što nisam klečao, ali sve do tog sudnjeg dana... Maknite ruke s mog volana!. Maknite dupe sa mog sica!. Ja putujem bez gpsa... Gpsa sa nebesa"
24,0X3VJo7g_1_24,Firma,"Da sebi manje smetam, svako jutro prošetam. Nabijem krokse na noge bose, puštam da me same nose. Istom rutom, ko i godinama prije. Alejom Bologne, sve do Kustošije. A kad stignem do porte i do spuštene rampe, skinem kapu za sve nas koji još pamte, dan kad su ispred firme stale crne limuzine i rekli:. Bog, domovina, nacija, svi na pod ovo je privatizacija!. Napravite mjesta za obitelji dvjesta!. Gledam kulise, ratuju sa statikom, ko što nove elite ratuju s gramatikom, a preko puta ispred Lidla, moj sektor proizvodnje čeka. Uz jednu pivu iz Q-packa možda im večeras priznam, kako smo pali bez ispaljenog metka, na staru foru novog početka. Taj dan kad su ispred firme stale crne limuzine, i rekli: Bog, domovina, nacija, svi na pod ovo je privatizacija!. Napravite mjesta za obitelji dvjesta!"
25,0X3VJo7g_1_25,Fotoaparat,"Slikamo krila aviona, komad mora, stari grad, a na slici ja ili ona, drugi drzi aparat. Ko da je strasno komicno, biti gdje nismo obicno, mi se cerimo kameri, ko oni glupi Ameri, sto govore cheese. Iza nas more il' planine, kao fototapeta nekog dalekog svijeta, a blijeda lica spaljena od blica, dokazuju da smo bili tu. Bili smo tu i tu, tu i tu, tu i tu, tu i tu. Demonstraciju idile, hodanja cijeli spakirani za van, a kad stignemo kuci iz dalekog svijeta, nitko se nece izvuci od ljubaznoga klinca, pred ekranom s puno inca. Slikamo bose domoroce, koji ne mare za novce, drzi cvrsto aparat, domacima nije za vjerovat. A poslije toga tu i tu"
26,0X3VJo7g_1_26,Frizerska pjesma,"Možda nisam u pravu, ali mislim da znam, što si obrijao glavu, i što si nadrkan, što si obukao, spitku, čizme, tregere, sad vodiš svetu bitku, mlateći pedere. A da si imao ljubav, kao sigurnu luku, ne bi sada na pozdrav, dizao ruku. Bio bi mamin inžinjer, ili čak odvjetnik, im'o bi posla tvoj frizer, a ti oblačio se šik"
27,0X3VJo7g_1_27,Für immer Punk,"Es ist vorbei und es war doch schön. Wir blieben gern hier, doch wir müssen nun geh'n. Alles hat mal ein Ende, weiß doch jeder von euch. Auf Wiedersehen. Doch bevor ihr geht, hört uns kurz noch zu!. Wir können sonst nicht schlafen, finden keine Ruh`. Da gibt es noch etwas, das ihr wissen müsst. Und das für immer geht. Für immer Punk, das möcht' ich sein. Für immer Punk. Willst du wirklich immer Hippie bleiben?. Für immer Punk, das möcht' ich sein. Für immer Punk. Soll`n deine Kinder alle Gruftys werden?. Für immer reich, das möcht' ich sein. Für immer reich. Für immer den anderen Kaviar fressen. Für immer und immer reich. Für immer krank, das möcht' ich sein, Für immer krank. Für immer mit der Krankenschwester. Für immer bei dir sein. Viva Punk zehn Jahre lang schönen Dank. Und ich sing`auch nach hundert Jahren. Viva, viva, viva, viva Punk. Zwei Meter lang, das sollte er sein, Drei Meter lang. Dass kleine Schwester große Augen kriegt, Vier Meter, fünf Meter lang. Forever young, I wanna be. Forever young. Do ya really wanna live forever, And ever, and ever young."
28,0X3VJo7g_1_28,Grčenje ispred pojačala,"Grćenje ispod pojačala škodi tenu i živcima. Uzalud ti samo kosa opada da li misliš da si bog ili ne znam tko zna što. Da će baš tvoje umotvorine. Promjeniti sve. U doba velikog treznjenja s mnogo imidža bez razloga. Osim, eto, da se bude drugaćiji pa makar na stageu krave silovali. S mnogo decibela. Umjesto ideja. Iskljućiš li muziku vidjet ćeš debeloguzonju. Pogledaj malo bolje svoje idole. Želiš li čir na želucu, želiš li zagrist' dvocjevku. Želiš li dovoljno love da krepaš od droge. Samo jedan pravi smisao zažto pljunem sad u mikrofon. Kad se nakon svega znojan pokupim osjećam se kao prezervativ. Istrošen al' ispunjen. Jer sam pogodio cilj"
29,0X3VJo7g_1_29,Heroin (junior debil),"Starci i jelka božićna. Dva vrlo rijetka debila. Topli dom, Petrof klavir. Svira im junior debil. Skriva vene dobri sin. Danas je praznik pa je clean'. Al' čim se sutra probudi. Čeka ga fiks jutarnji. Mama, daj para!!!. Jer samo lova tajnu čuva!!!. Ak' su problemi preteški. Ti samo uzmi heroin. Ako je jednom premalo. Zajebi ih, uzmi duplo. Još gutljaj, dva rakije. Par pilula za spavanje. Živi si leš, ne jebu te. Ni poplava, ni zemljotres."
30,0X3VJo7g_1_30,Ima da te lajkam,"Vadim ko značku novu igračku. Stavljam na stol, svi kažu wow. Poglete mobitel kaki model. Po govoru tijela ima više pixela. Inače je tu u prednjem džepu. Nježno me dira kad zavibrira. Ali me nervira što rijetko svira. U imeniku nemam nikog. Ima da te lajkam ko rođena majka, samo me nazovi. Ima puno rama, malo grama ali niti malo srama da te zamolim nazovi. Ima da te lajkam ko rođena majka, samo me nazovi. Ima puno rama, malo grama ali niti malo srama da te zamolim nazovi, . Kad pomislim da stvar je u meni. Izvadim ga i odem u meni. Tamo imam aplikaciju za tu situaciju. U roku keks na netu nađem sex' te padneš u nesvjest za devet devedeset. Crne kose plave oči, o moj sexy tamagochi. Crne kose plave oči, da li ćeš mi ikad doći. Ima da te lajkam ko rođena majka, samo me nazovi. Ima puno rama, malo grama ali niti malo srama da te zamolim nazovi. Ima da te lajkam ko rođena majka, samo me nazovi. Ima puno rama, malo grama ali niti malo srama da te zamolim nazovi, . Ima da te lajkam ko rođena majka, samo me nazovi. Ima da te lajkam ko rođena majka, samo me nazovi"
31,0X3VJo7g_1_31,Izlazak u grad,"Naš izlazak u grad svodi se na. Turneju po šankovima. I uvijek neki vrag nam smeta. Ili cijena il' inventar. Ili nedostatak žena. Prikladnih za nas. Naš izlazak u grad se sastoji. Od kritiziranja uspješnijih, Ma gledaj tipa, molim te koje uši klempave, I takav slon kao on, fura sa vakom djevojkom"". Zašto su drugi uvijek prvi, reci mi. Zašto su drugi uvijek prvi. Nikad netko kao mi. Ovako dosljedni u svojoj dosadi. Mi smo posljednji. Al' nismo ni mi hrpa klosara molim lijepo). Krase nas visoka mjerila. Za nas su žene kao trofeji. Kao zbirke markica. Koje jedino vrijede. Kad se svide drugima. Konobarica gasi svjetla i pali. Za još jednu rundu sad je prekasno. Ponosni lovci su ostali sami. Čuvaju metak za sljedeći put"
32,0X3VJo7g_1_32,Jednim osmijehom,"Jednim osmijehom ti puniš me, i daješ snage mi da ustanem ujutro, kada je vani mračan dan, kao prikovan za prozore, slika što tjednima se ne miče, ujesen ko da je ljeto bilo san, ulaziš mi u svijet kao vatromet, i daješ svemu neki smisao i ime, strah me da nas ne stigne. Ovaj grad, a ti mi kažeš ma ne brini se, navuci zastore, isključi svijet, barem za nas, moramo se maknuti ili ćemo usahnuti, a ti me uspravljaš, onako ko što znaš samo ti. Jednim osmijehom ti puniš me, i daješ snage mi da ustanem ujutro, kada je vani mračan dan, kao prikovan za prozore, slika tjednima se ne miče, ujesen ko da je ljeto bilo san, tad mi se učini da nesto u nama, prijeti usahnuti od vakuma rutine"
33,0X3VJo7g_1_33,Kad ti zivot udahnem,"Cuvam te ispod kreveta, u kutiji od cipela, izbusio sam rupu cak, da se ne bi ugusila. Da nam niko ne zasmeta, okrenuh kljuc po drugi put, skidoh tiho poklopac, i pozvah te na rande vu. Kad ti zivot udahnem, kad se stvoris pokraj mene, primas me u narucje, poput prave zene. Kad ti zivot udahnem, kad se stvoris pokraj mene, ja sretan i kompletan, u san padam nasmijesen, kad ti zivot udahnem. A divno slusat umijes svojim mirnim ocima, necujno razumijes sto ne shvacam ni sam, nemas nikada migrene niti jezik otrovni, niti bilo kakve zelje osim da me usrecis. Obla si i podatna, ljubim tvoj glatki PVC, sretna si, to osjecam dobar sam ljubavnik zar ne?. Ispustit ću ti dusu i smotat pazljivo, prije neg' sto sunce dan oboji u sivo"
34,0X3VJo7g_1_34,Kaze stari sto nam fali,"Kaze stari sto nam fali, nismo zedni, nismo gladni, zedan znam da nije, od kad ne radi, samo pije. Stan je dobio od firme, one bivse domovine, tu je stao, nije krao, nije htio, ma, nije znao. Posten bez ambicija, luzerska tradicija, posten bez ambicija, je moja definicija. Sto ucinio si ti, od zivota mog, od zivota mog. Kaze stari sto vam fali, su bar neki ideali, ili netko da vas tlaci, da niste samo potrosaci. Ja ne kuzim kaj on brije, nisam rodjen tol'ko prije, izbjegavam tenzije, zbog njegove mi penzije. Zasto dao si mi ti, samo praznu bol, samo praznu bol"
35,0X3VJo7g_1_35,Kirbaj i Kotlovina,"Načelnik općine, odriješio kesu za veliku feštu u malom mjestu, kraj zvonika, velika bina, večeras Hladno pivo, sutra Severina. Uuuuuuu Severina, uuuuuuu kotlovina. Skockane majke psuju pijane tate, klinci u oblaku od šećerne vate, i sve me te slike začas vrate, do prištavog čudaka kategorije pero-laka, što u zagrljaju rodnog kraja, nikad nije imo' zraka. Kirbaj i kotlovina, dobro došla pripizdina, kirbaj i kotlovina, dobro došla pripizdina. Tu se nosom zastor gura tu se virka iza plota, jel mu to žena il cura fino se živi od nota. Vidi kakva kola vozi, malo se pravi važan, što mu je to na nozi, nije valjda tetovaža, nije valjda tetovaža). Ona mi leži na ruci ja joj milujem grudi, pijetao svečano najavljuje zoru, kažem gradić po mjeri za život mirni, veli mile ne seri, nisi na bini. Kirbaj i kotlovina, dobro došla pripizdina, kirbaj i kotlovina, dobro došla pripizdina."
36,0X3VJo7g_1_36,Kisna nedjelja,"Cuvaj se prve kisne nedjelje, kad pozvoni na portafon, nudi ti tople ceske filmove, u kojima ste zajedno. Cuvaj se prve kisne nedjelje, kao dilera automobila, provozat ce te kroz predjele, tamo gdje tuga nije bila. Ona vraca kilometraze, presutit ce karambolaze, vjeruj mi kada ti kazem, kisna nedjelja opasno laze. Kuhate skupa pastu s tunom, ona u tvojoj majici s Johnny Cashom, otvaras butelju T´ga za Jugom, i seks se cini neizbjezan. Cuvaj se prve kisne nedjelje, kad pozvoni na portafon, provozat cete kroz predjele, u kojima ste i dalje zajedno, jer. Presutit ce karambolaze, sve vase suze i svadje, vjeruj mi kada ti kazem, kisna nedjelja opasno laze. Jer ona vraca kilometraze, u rikverc kroz divne pejsaze, vjeruj mi kada ti kazem, kisna nedjelja opasno laze. Vjeruj mi kada ti kazem, kisna nedjelja opasno laze, vjeruj mi kada ti kazem, kisna nedjelja opasno laze. Vjeruj mi, kisna nedjelja opasno laze, vjeruj mi, kisna nedjelja opasno laze"
37,0X3VJo7g_1_37,Konobar,"Konobar zijeva, vani lagano sviće, a ja, pijan k'o deva, bih još naručio piće, ali kakva blamaža, jezik lamata krivo, ne zna kako se kaže pelin i pivo, srećom, nije seljober da previše pita, nego pametan ober što iz očiju čita. Svu moju bol mada nisam ni pisn'o, pa stavlja na stol još ono isto, i to je ta kap koja prelijeva čašu, plačem k'o slap dok naginjem flašu. Zašto sam ja uvijek ta jebena stranka, zašto ti nisi bar s one strane šanka, što sam ja uvijek ta jebena stranka, zašto srodna duša mora baš biti muška. Kad si dvojica tak' pašu, to je bolje od seksa, jedan dodaje čašu, a drugi eksa, on nije ni priglup, ni naravi škrte, i uvijek mi pivu natoči do crte. On kuži svu moju bol mada nisam ni pisn'o, pa stavlja na stol još ono isto, i to je ta kap koja prelijeva čašu, plačem ko slap dok naginjem flašu. Što sam ja uvijek ta jebena stranka, zašto ti nisi bar s one strane šanka, što sam ja uvijek ta jebena stranka. pjesma za dimnjačara i stipu"
38,0X3VJo7g_1_38,Krepaj budalo,"Sjetih se danas ponovo. Zasto vise ne idem u kvart. Kad sretoh covjeka poznatog. Ili ono sto je od njega ostalo. Blebece on samo o tom'. Tko se kada, kako i s cim. Cudna zajebancija. Od koje se covjek raspada. Bio je tad' na mene red. Al' ja sam si razmisljao. Da mu odrzim propovijed. Il' da ga lupim u glavu. Al' na pamet mi palo. Samo krepaj budalo. Sretan put!!!. Jednom nogom si tamo. Pa zasto bi stao. Sretan put!!!. Ako imas malo pameti. Ne treba ti propovijednik. Dobar savijet odozgo. Nije nikog spasio"
39,0X3VJo7g_1_39,Lift,"Daj iskreno priznaj mi, kad ti je sinoc stao lift, reci mi sto ti je to trebalo, da razbijes ogledalo. Nije te bio strah, ostati bez zraka, ti nisi lupo o vrata, nego si reko sebi Bogu hvala, na par kvadrata bez signala, na par kubika tisine, gdje ti niko ne zna ime. Neugodna navika samoce, je da govori sto hoce, a ti ovakav bez konteksta, tu nisi nista ekstra. Neugodna navika tisine, ne mari ti za ime, sto se vani tako kurci, ovdje prazno zvuci. Zar ti je smetalo jedno ogledalo, a u njemu tvoja slika, podbradak bez podanika, sto u omci od kravate, trosi bijedne sate"
40,0X3VJo7g_1_40,Ljetni hit,Mazemo si tijelo nekim faktorom. Na istome rucniku ja i on. On ima divna misicava ledja. I kosu poput Jimmy Pagea. Poslije ce se on jos. Malo brckat u moru. Pravit se vazan i muzevan. Ja cu na plazi pijuckati colu. I cekati da izadje van. Da izadje van. On pije pivo jer vozi bolje od mene. Ja pijem sok jer su mi ruke njeznije. A vjetar donosi ruzne rijeci. Razbacane medju valovima. To plaza zavidi nasoj sreci. Sto se sunca tako bezbrizno. Al' nas tjesi san radostan. Da ce jednoga dana. Ova pjesma biti ljetni hit. I svi ce pjevati sa nama
41,0X3VJo7g_1_41,Maderfakersi,"Šalju momke jake s nuklearnim ganom, da tamane divljake tamo po Iraku, na trusnome Balkanu, na ruskome Uralu, gdje kod se preko bare naziru neke pare, oni kikaju esove maderfakersima. Celuloidne trake vole takve junake, i njihov eksplenejšn za evri situejšn, It's them or us"" kažu dok žvaču žvake, so let's kill the whole fuckin nation!"", oni kikaju esove maderfakersima, oni siju lijesove iz plavih visina. S očiju im brišu mulj da bolje vide, širok i sjajan put u katodni svijet, brze hrane za usta i glave, gdje svaki psihopat ima strani akcenat. Oni kikaju esove maderfakersima, oni siju lijesove iz plavih visina, pružaju ruku da izvuku iz blata, zvijeri što se tuku iz nekog inata"
42,0X3VJo7g_1_42,Marginalci,"Plazimo ulicom sumnjivih namjera. Mi smo dezurna briga murjaka u kvartu. Toliko picaka, nijedna poznata. Jer cim nas one vide odmah bjeze na stranu. Savrseni marginalci, savrseni marginalci. Ja i moj bend preplaceni na bed. I neki cudni tajni znak. Govori nam da cemo uskoro. Imati dva-tri crnca i svoj mali plavi kadilak. Edi psihopat, Pero alkoholicar. Nasa omiljena publika. Samo Hare Krishna nas ne voli. On voli stvari lijepe, ali tko ga jebe"
43,0X3VJo7g_1_43,Marihuana,"I got marijuana, You got marijuana. We have marijuana too. I, You, marijuana. I, You, marijuana. Oh, oh, oh. I, You, marijuana. I, You, marijuana. I got marijuana, You got marijuana. We have marijuana too. We wanna know what you realy gotta smoke. I, You, Marijuana. Oh, oh, oh. We wanna know what you realy gotta smoke. I, You, Marijuana. I got marijuana, You got marijuana. We have marijuana too"
44,0X3VJo7g_1_44,Marija,"Otkad si otisla, moj pravac kretanja. Je od sanka do kreveta. Najbolji dokaz koliko mi znacis, Cijeli dan samo pisam i placem. Pijan sam k'o drvored, a strah me na WC. Cak me i plocice podsjecaju na tebe. Mozda ti je to utjeha, mislio sam na tebe, Fulao sam pisoar za nekoliko metara. Prije neg' sto podjem, Marija, Dva metra blize djavolu. Dopusti meni Marija, Da te jos jednom zadnji put"
45,0X3VJo7g_1_45,Messi,"Moram te pitat jer te volim jako, nisam gej, ne bi te tako' štapom. Ali gdje si našo' tu uštogljenu snašu, koja ne kuži zajebanciju našu. Hiperkorektan ko Josipović Ivo, naručuješ samo malo pivo. Što duže te gledam više vjerujem, da to i nisi ti već neki alien. Koji ti ušo u bulju dok si buljio u nju. I mic po mic sjebo centar za vic. Ona te dribla ko Messi. Mašeš repom ko Lesi. Reci mi gdje smo tu mi. Moram te pitat jer te volim jako, nisam gej, ne bi te tako štapom. Ali gdje si našo tu uštogljenu snašu, koja ne kuži zajebanciju našu. Kužim godine stisle, i snove pokisle, sve duge veze na kraju bezveze. Pa sada pod pritiskom okoline, koristiš prvo lice množine. Mi ćemo ovo, mi ćemo ono. Mi planiramo, upravo biramo. Mi ćemo ovo, mi ćemo ono. Ona te dribla ko Messi. Mašeš repom ko Lesi. Reci mi gdje smo tu mi"
46,0X3VJo7g_1_46,Mlohava čuna,"Tri kurtona skoro dvadeset kuna, zbrajam dok joj ljubim vrat, plus piće u gradu i dvije kutije pljuga, a meni mlohava čuna. Al' tako mi i treba kad pijem ko smuk, rek'o sam sebi već milijun puta, neću pijan forsirati fuk, jer će biti mlohava čuna. Mlohava čuna, mlohava čuna, mlohava čuna, mlohava čuna, toliko para i truda, a mlohava čuna. Sad koristim sve druge ekstremitete, skrivećki ispod popluna, ali nije ona više dijete, ona zna što je mlohava čuna.  Ali vratit ću se do trafike, jer kutija je još uvijek puna, možda mi vrate mojih dvadeset kuna, kad im šapnem, mlohava čuna."
47,0X3VJo7g_1_47,Mojoj majici,"Kad sam na bini volim da se vidi da, imam majicu, imam majicu. Imam majicu s porukom cvrstom, imam majicu sa srednjim prstom, na njoj pise fuck the system"", kupio sam dv'je iste. Imam majicu protiv SAD-a, narucio sam je preko eBay-a, na njoj slika Guantanama, pise fuck you mister Obama"". Imam majicu protiv kapitala, Hladno Pivo"" je komercijala, za one nase politicare, imam cak tri majice s likom Che Guevare. Imam majicu, imam majicu, imam majicu, imam majicu. Majica protiv zatopljenja, na akciji H&M-a, nije neka kvaliteta, djecji rad treceg svijeta. Ja vec sutra mijenjam motiv, oni nesto, a ja protiv, jeb’o mene mali pas, al' imam majicu za sve vas. Imam majicu protiv GMO hrane, u koju, nazalost, jedva stanem, i to je, priznajem, najveca bruka, kad mi dobra majica tesna oko struka. Bijela majica koja slobodno dise, na kojoj nista ne pise. Bijela majica, kratki rukavi, sto posto pamuk, Fruit of The Loom, bijela majica koja slobodno dise, na kojoj nista ne pise"
48,0X3VJo7g_1_48,Moralne dileme vlasnika BMW-a,"Tri sata popodne pokazuje moj Rolex. Na semaforu stojim, pored mene bus. Kao u zooloskom vrtu gledam izumiruću vrstu. Izguzvana lica zure mi u bemburu. Sa Ray-Banom na nosu zalim frustriranu masu. Njihov me pogled baca u bad. Zato okrećem glavu na drugu, ljepsu stranu. Jer dusa mi ne podnosi tuzne prizore. Sutra sam već u crkvi na malom pranju savjesti. Jer moje veze sezu ravno do neba. U navali humanosti pomolit ću se za sve njih. A nakon toga slijedi tečaj tenisa. Ne mogu ih gleadati vise uključujem air-condition. Polako da me vide pice iz busa. Konačno spas, zeleno je dodajem gas i nestajem. A gomila me gleda kao zločinca. Penzići novi i penzići polovni. Dozivotne zrtve javnog prijevoza. Blesave od znojenja u kutiji. Jos samo dva radna vijeka do fićeka. Gomila plazi po bljuzgavoj stazi. I s gađenjem gleda metak sto prolazi"
49,0X3VJo7g_1_49,Motor,"A da jednostavno ugasim motor. Odvezem pojas i udahnem duboko. Zalupim vratima jako, mahnem koloni. I krenem polako pjesice prema zori. A da se jednostavno prosetam kroz grad. Ravno kroz centar i predgradje. Sve dok uz rijeku ne pronadjem hlad. I tamo legnem ko posadjen. Daleko od znojnih truba, psovki, kocnica. Kao puz necujno uvucem ticala"
50,0X3VJo7g_1_50,Može,"Hodam po krovovima, danas sam ja malo gore, imam korak od 7 milja, i oblak umjesto šešira. Kroz fantastičan kišni dan, gazim mokar do kože, svima pod nos guram ekran, i tvoju poruku Može. Može može, može može, vičem sa krova ta čet'ri slova, može može. Žurim se manjim koracima, dobar je pogled odavde iz lože, ne želim sići sa trampolina, sad kada znam, kad znam da može. Može može, može može, vičem sa krova ta čet'ri slova, može može. Može može, može može, vičem sa krova ta čet'ri slova, može može"
51,0X3VJo7g_1_51,Na ovim prostorima,"Na ovim prostorima, na ovim prostorima, lijepih stvari ima, na ovim prostorima. Imamo pjesme od kojih se dusa steze, imamo gluposti dokle pogled seze, imamo beskrajna zitna polja, imamo gladnih koliko te volja. Imamo dusu ko' aerodrom, i dobar osjecaj za loptu, urodjen strah od propuha, imamo najsocnije psovke. Imamo nova kola radi dojma, imamo stav kad nemamo pojma, dovoljno mrznje, dovoljno inata, za bar jos dva-tri rata.  Specijalitet moga kraja, je sve ono sto razdvaja, ako si rodjen van okvira, ovdje neces naci mira. Crkveno se zvono cuje, priziva nove oluje. Na ovim prostorima, na ovim prostorima, bas svega ima, na ovim prostorima"
52,0X3VJo7g_1_52,Narcisoidni psi,"Svi ti narcisoidni psi. Na svakom mjestu vidim ih, Kako me hrane uzdizu, Kako me hrane uzdizu, Svi ti konstantni osmjes. Preziru asocijalnu zvijer, Koja tinja u meni. Siguran znak da ima me. Urbane noci morbidne. Konacno su me dovele. Do krizanja mog razuma. Da li sam normalan il?. Svi ti narcisoidni psi, Na svakom mjestu vidim ih, Providne aluzije. Svi ti narcisoidni psi. Iz svega srca mrzim ih, I to me hrani, uzdize. Umiren svim narkozama. Ja stajem poslusan u red. Nema sumnje, sada sam. Gdje i sav obradeni svijet"
53,0X3VJo7g_1_53,Ne volim te,"Ne volim te nit sam te ikad volio. Na tvoje omiljeno pitanje evo ti odgovor. Bio sam mlad i totalno zagorio. Tako je valjda sve to krenulo. Ustao sam ujutro s glavom nateklom. I zakačio malim nožnim prstom o stol. Spotaknuo se o tvoje papuče. U padu otkinuo zastor i glavom puko u radijator. Htio sam ti baciti vazu u glavu. Kad si se probudila i poslala me k vragu. Al sam u agoniji bola stenjao ispod stola. U grču se previjao kad mi je sinulo. Ne volim te nit sam te ikad volio. Na tvoje omiljeno pitanje evo ti odgovor. Bio sam mlad i totalno zagorio. Tako je valjda sve to krenulo, . Od samoće i dobrog sexa nastala je naša veza. Početni žar je bio zavidan. Da nisam svakog dana otkrio još mana. Sad si u mojim očima samo još greška na nogama. Što se smiješ ko hijena to me toliko ne smeta. Koliko neke druge navike. Nit što vreće od tampona bacaš stalno sa balkona. Samo jedno ipak ne razumijem. Nije mi jasno što ne zatvaraš zubnu pastu. U stvari. Ne volim te nit sam te ikad volio. Na tvoje omiljeno pitanje evo ti odgovor. Bio sam mlad i totalno zagorio. Tako je valjda sve to krenulo. Ne volim te nit sam te ikad volio. Na tvoje omiljeno pitanje evo ti odgovor. Bio sam mlad i totalno zagorio. Tako je valjda sve to krenulo. Ne volim te nit sam te ikad volio. Na tvoje omiljeno pitanje evo ti odgovor. Bio sam mlad i totalno zagorio. Tako je valjda sve to krenulo. Ne volim te"
54,0X3VJo7g_1_54,Nema više,"Nema više, nema više naše birtije. Tu je još jedan vrlo vrijedan mramorni WC. Gdje dva deci piva dođe k'o prije krigla. I nitko, nitko se ne smije. Sjedim u širokoj fotelji. K'o na električnoj stolici. Kako da pijem kad sve se bijeli. Kao u bolnici. Na zidu gdje smo pisali rezultate. Razularenih pijanki. Sada vise slike nekog Croate. Mjesto kalendara sisatih. Gdje nas je brkata konobarica. U plavim borosanama. Strpljivo slušala. Stoji mali bijeli kompjuter. I isto takvo osoblje. K'o mutavo mijenja pepeljare."
55,0X3VJo7g_1_55,Nije sve ni u pari,"Lagodno su tekli dani, poslovi dobri uhodani, garant zastita lokala, od pozara i budala. Ali sve se manje gusto na poslu, kad bi lomio noge rezbario lica, u srcu nesto mu poslo po zlu, i peklo iznutra ko zgaravica. Jer nije sve ni u pari, zenama drogi i picu, al necu sad da te davim, nego da nastavim pricu. Jednog mu dana, zakucala na vrata, neka starija dama, s kulom strazara. Koji bijase sok, kad rece da je svjedok, jer on kada roka, tu nema svjedoka. Radi za nekog jehovu, za njeg cuo nikad, a da mu duguje lovu, znao bi nadimak. Rekla mu da, nije sve ni u pari, koliko god neki vicu, oprostite ako davim, samo da cujete pricu. Nije sve ni u pari, u hrani i picu, najljepse su stvari, u duhovnom bicu. Te su rijeci ostavile trag, sad stoji u cosku u sandalama, srce mu vedro a osmijeg blag, dok tumaci budalama"
56,0X3VJo7g_1_56,Nije Sve Tako Sivo,"Red tuge, red bijesa zbog SMS-a. Tvoje duševno stanje je poput lasagne. Zar na tebi da štedi? Da te tako uvrijedi?. Crven u licu gnječiš limenku piva. Njen «sori» po Vuku i ) na ekranu. Idu ruku pod ruku kao sol na ranu. Zar nakon svega joj nisi ni poziva vrijedan. A zbog nje si preš'o na 09?. Barem te nitko neće mučiti sa francuskom dramom. Posudit ćeš si film sa Žanklodvandamom. Zbogom filmovi bez boje i odresci od soje. Pozvat ćeš kod sebe sve frendove svoje. Pod hitno ti sad treba par promila. I barem tona TESTOSTERONA!!!!. Nije sve, nije sve tako sivo. Kad imaš s nekim otić' na pivo. I dok Žan izbija bubreg nekom sporednom liku. Ti od suza jedva i da vidiš sliku. Zbog nje su dečki pišali sjedečki. Sad, jebi ga, šta ćeš, sjediš i plačeš. Treba ti par promila, muška idila. I barem tona TESTOSTERONA!!!!. Nije sve, nije sve tako sivo. Kad imaš s nekim otić na pivo"
57,0X3VJo7g_1_57,"O, da sam barba","Dok Oliver pjeva, o ptici na moru, na krizanju Vrapce, stojim, gledam kolonu. On pjeva o barci, ja stojim u traci, pol ga ne kuzim, al' me prolaze zmarci. On zivi k'o car, hvaleci more, a ja cu krepat', pjevajuc' plamene zore. O, da je barem mene, donijela roda, gdje se za more, nikad ne kaze voda. O, da sam barba, nosio bih majicu na spaline, jeo marune i gavune, pio bevandu ´mjesto pive. O, da sam barba, da me barem donijela roda, gdje se za more, nikad ne kaze voda. Da mi u vrtu raste smokva, da je za me cavel brokva, da mi saraf znaci vida, koju netko drugi vida"
58,0X3VJo7g_1_58,Od buđenja do dnevnika,Jos jedna noc kada zurim u strop. I lezim kao mumija. Groznicavo trazim bilo sto. Da razlikujem dan od prethodnog. Jos jedan papak je cijelog dana. Bio koristan. Veceras je posudio filmove. Da ne mora ici van. Jos jedan krug na mom vrtuljku. Poslije kog se osjecam. Kao da sam ljubio ruku. Tipu sto mi ide na kurav. Jos jedan papak je cijelog dana. Bio koristan. Veceras je posudio filmove. Da ne mora biti sam. Od budenja do dnevnika. Ubio sam jos jedan dan. Jos jedan krug na mom vrtuljku. Sada sam tu ponovo na pocetku. Oblacim tada neko drugo lice. I prijetim ogledalu. Kao de Niro u nekom filmu. Sto sam ga davno gledao. Psujem i skacem oko pola sata. Dok me umor ne svlada. A kad me iscrpe teske rijeci. Idem se najest' pa prileci
59,0X3VJo7g_1_59,Odjava programa,"Odjava programa. Vijesti i pregled stanja. Morbidna uspavanka. Uz opsirne orgije klanja. Otprati me do sna. I ne dopusti da me uhvati. Klaustrofobija. Koja mi dopire do svijesti. Cijenjena publiko!!!. Za kraj jedan mali masakr. A kome nije dovoljno. Nastavak na radiju. Suze, izjave sucuti. Od debelog stranca kog ionako zaboli. Za mene nitko ne zna, nitko ne sluti. Svi su oni nedorasli mojoj savjesti. Sahranjen uz sve pocasti. Mozak suti, nema smisla dici spomenik. Za nekog kao ja. Za nekoga kao ja, kao ja ."
60,0X3VJo7g_1_60,Par pitanja,"Dragi Boze koji jesi. Gore na nebesima. Sorry sto te davim. U ovaj kasni sat. Ali ja prije svitanja. Imam jos par pitanja. Kad je nebo gorilo. Bio sam tebi ravan. Nisam isao tamo da. Bih postao slavan. Pa na koju sam foru. Sad na birou. Reci na koju sam foru. Sad na birou. Al' sad cu reci sto mi lezi na dusi. Makar me ubio grom. Reci na koju foru stalno ja pusim. Pa nisam ratovao s tobom. Ako mi ujutro poklonis smisao. Ja cu povuci sto sam napisao. I bit cu vojnik tvoj, tvoj zastitnik. I svima pricati koji si super lik. Repetiranje u svitanje. I poznati mi glasovi. Ispituju susjede gdje. Je onaj drukciji. Pogresno mi ime. Pise na vratima. Pa je dosao da ga skine. Moj drug iz djetinjstva. Super lik, super lik. Koji si super lik. Super lik. Koji si super lik. Super lik, super lik"
61,0X3VJo7g_1_61,Pdop,"Bijeg od pagana i bludnog svijeta. I zudnja za prosvjetljenjem. Odveli su mladog brata. U samostan pod halje cedne. Zavidno je slusao starije fratre. Nakon jutanje molitve. Kako su vidjeli cijelo trojstvo. Cistom snagom vizije. Te su noci vidjeli sve. Od potopa do zadnje vecere. Razdvajalo more, micali gore. Vidjeli njega i apostole. Te su noci spasili svijet. Od jahaca apokalipse. Preobratili bezbozno. Istrijebili sve komuniste. Kaznjavao je misli gresne. Sibom i koznim remenom. Ali od vizije cijele Marije. Vidio je samo gleznjeveeeeeee. Jednog se dana ispovijedao bratu. O strasnoj brizi sto tisti mu grud, A ovaj mu rece Postoje vrata. Iza kojih je vizija, al treba ti kljuc. Al danas imas srecu brate"". I u ruki mu stisnu povecu rizlu, Ovo ce ih odskrinut zate. I rijesit tvoju duhovnu krizu"". Te je noci vidio sve. Od potopa do zadnje vecere. Razdvajao more, micao more. Vidio Njega i apostole. Te je noci spasio svijet. Od jahaca apokalipse. Preobratio bezbozne. Istrijebio sve komuniste"
62,0X3VJo7g_1_62,Pijan,"Treci mjesec zdesna mase mi. Od zvijezda nebo i ne vidim. Ja sam Ingemark Stenmark iz Gajnica. I trcim slalom medju banderama. Kao pobjednik stizem na cilj. Stojim na haubi i slikam se. U ruci bljesti znak Mercedesa. U drugoj topli kruh od pekara. I svi me vole, svima sam duhovit. Cekaju na red da me upoznaju. Samo ti nikako da shvatis konacno. Koliko me volis suludo. Tvoje ime mi je najljepsi refren. Sto ga pjevam od srca na portafon. Nitko se ne javlja, nista se ne cuje. Samo susjedi prijete policijom. Prozor tvoje sobe gadjam kamenjem. To sam negdje vidio film neki crno-bijel'. Al' u njemu je staklo bilo puno jace. U njemu junak nije bjez'o od brace. I svi me vole, svima sam duhovit. Cekaju na red da me upoznaju. Samo ti nikako da shvatis konacno. Koliko me volis suludo, glupaco"
63,0X3VJo7g_1_63,Pitala si me,"Pitala si me zašto tvoje ime, nikad ne provlačim kroz rime, zašto ga nikad ne ukrasim metaforama krasnim, pa da se time hvališ kolegicama s posla?. Ma nema šanse, nema tih para, da mi ikad budeš dio repertoara, pa da tvoje ime pjevuši ko stigne, da si sva'ko, tek tako, na brzinu, puni tišinu... Mislim da bih razbio gitaru, da čujem da te fućkaju na pisoaru, da me jednog dana gledaš poniženo, iz kuta dućana gdje je sve u pola sniženo... Ova pjesma o tebi, koja si mi sve na svijetu, ovaj pokušaj da kažem neizrecivo, nikad se neće naći na nekom CD-u, imati naslov, cijenu i barkod... Zar da radio voditelj, kreštava glasa, preko naše rime traži vlasnike pasa?. Da se cereka, kao, dobra je zeka, u svaki jebeni singl ubaciti jingle? ... Ništa nije sveto, sve je bruto i neto, sve je zabava ... Bitno da nešto svira za žedna uha, da nikog ne dira, dok pere il' kuha, da narodu skrati onih osam sati, i da lijepo stane među dvije reklame... Ova pjesma o tebi, koja si mi sve na svijetu, ovaj pokušaj da kažem neizrecivo, nikad se neće naći na nekom CD-u, imati naslov, cijenu i barkod... Pitala si me zašto tvoje ime, nikad ne provlačim kroz rime?. Zašto ga nikad ne ukrasim metaforama krasnim, pa da se time hvališ kolegicama s posla?"
64,0X3VJo7g_1_64,Pjevajte nešto ljubavno,"Godine provedene, zakopani ispod zemlje. Postali smo skupina svirajućih zombija. U birtiji poslije treće, Teddy rezigniran reče:, Momci, ne želim dovijek' biti podrumski čovjek."". S vremenom sve smo tiši, Slijede prvi kompromisi. Otud samo korak, dva, Do početka poraza. Pjevajte nešto ljubavno, Sigurno, tiho, sterilno. Pjevajte nešto ljubavno, Klinke svršavaju na to. Prodali smo čak i muda, Al' sviramo zato svuda. Terase, festivali, Više smeća, lova veća. Slušaju nas curice. Penzioneri i bakice. I svi umni invalidi, Senilni i gluhonjemi."
65,0X3VJo7g_1_65,Planeta,Draga ljubavi jedina. S koje si planete?. Dopusti mi da malo i ja. S tobom budem dijete. Ajde daj mi jedan đir u svom svemirskom brodu. Da vidim tu zvijezdu s koje dolazi ti. Kad budem u stanju da ti shvatim putanju. Bit ću mjesec tvoj i suputnik. Draga ljubavi jedina. S koje si planete?. Dopusti mi da malo i ja. S tobom budem dijete. Ajde daj mi jedan đir u svome svemirskom brodu. Da promolim glavu malo iznad ozona. Gore gdje ti nisi ti i gdje ja nisam ja. Mi ćemo možda i biti savršen par. Draga ljubavi jedina. S koje si planete?. Dopusti mi da malo i ja. S tobom budem dijete. Gore gdje ti nisi ti i gdje ja nisam ja. Mi ćemo možda i biti savršen par. Draga ljubavi jedina. S koje si planete?
66,0X3VJo7g_1_66,Politika,"Politika me u životu uvijek pratila u stopu, bacala duge sjene uvijek kad mi krene, od radnih akcija, stabilizacija i rata, do privatizacija i zatvorenih vrata tvornica, oduvijek mi za petama. Čega god da se prihvatim, ona me podsjeti, da ju na ovom poluotoku valja držat' na oku, trudio sam se iz petnih žila, da nađem mjesto gdje još nije bila, i našao ga usred tvoga kreveta. A kad se stisnem uz tvoje toplo dupe, meni je super. Ogorčenje me izjeda iznutra kao rak, tupi jalovi bijes krade mi zrak, kad vidim taj puk kako vjerovati voli, da bivši drug može postat' gospodin, kako psuje, za kog glasuje. Kad se stisnem uz tvoje toplo dupe, briga me da l' marka raste il' pada, jedino znam da mi je super, i da te imam... sada"
67,0X3VJo7g_1_67,Pravo ja,"U oglasu je velikim slovima pisalo:. Otkrijete svoje pravo ja!, otkrijte koliko sebe znate, mogućnost plaćanja u tri rate. Rekoh sebi zašto ne bi nakon toliko godina, upozn’o tog gospodina, pa da s kolegom superegom, budem jing i jang u jednom tijelu. On tih i miran, bistrog uma, balansiran kao nova guma, ima stan u centru, zdravu jetru, i još stojednu kvalitetu, častimo se sladoledom, i on voli strachatellu... I krenuh do telefona, naručit pravo ja za doma, ćuh halo i ostah smeten, što ako je kreten?. Parazit, bez ideja?. Umjetnik? Član hadezea?. Po cijeli dan na plejki puši travu. Otkida na reiki i zdravu hranu. Što ako pravo ja odnosno on, bude veliki fan Celin Dion. Što ako mrzi žene ili je tužni samac, koji će pitat mene da mu budem jamac?. Što ak' je pljunuti Kerum, dila herbalaif, ili ne daj bože-nosi RAIF!!!. Čuo sam halo? halo?, i rekoh joj oprostite, pogrešan broj"""
68,0X3VJo7g_1_68,Premali grad,"Ovo je premali grad, srest ćemo se kad-tad, bit će to sudar bez zračnih jastuka, na ulaznim vratima 13-ice, u pothodniku u Novom Zagrebu. Samo da taj dan budem obrijan, nedaj Bože u majici za po doma, da ti u licu nađem boru, i da se nasmiješ na bar jednu foru. Bok! Bok! Small talk, prsti i ruke će nam biti u svađi. Bok! Bok! Small talk, ja ću uvući trbuh da izgledam mlađi. Bok! Bok! Small talk, ko' da čitamo sa ekrana. Bok! Bok! Small talk, dal će i kava jednog dana. Prije nego nas proguta grad, daj mi barem skriven znak, da si i ti čekala uporno, da me sretneš ovako slučajno. Samo da taj dan budem obrijan, nedaj Bože u majici za po doma, da ti u licu nađem boru, i da se nasmiješ na bar jednu foru. Bok! Bok! Small talk, prsti i ruke će nam biti u svađi. Bok! Bok! Small talk, ja ću uvući trbuh da izgledam mlađi. Bok! Bok! Small talk, ko' da čitamo sa ekrana. Bok! Bok! Small talk, dal će i kava jednog dana."
69,0X3VJo7g_1_69,Princeza,"Nebo se zatvara poput zatvora. Čujem kako me zovu,znam da moram van. Stara ne sluti sto se događa sa mnom. Pa zašto buditi sretnu budalu. Rijeka ljudi prolazi. Usamljeni starci voajeri. Svi oni znaju gdje će me naći. Kao princezu ispod neona. Poleti čim osjetiš moj dah. Ja sam princeza ispod neona. Svakog dana točno od sedam do tri. Dok me to ne ukroti. Prazna srca, pune birtije. Sigurno rađaju olupine. Ispred izloga čekaj me. Stižem prvim noćnim tramvajem. Obuci nešto lijepo i ne pitaj. Iz kog svijeta dolazim"
70,0X3VJo7g_1_70,Ranjeni i ludi,"Dosta sam dugo šarao svijetom. Samoću liječio kvantitetom. Na putu sreo ljude, ranjene i lude. I više put' opečene. I u strahu nedorečene. Zato ne jebem više jeftini clichè. Da se samo o onoj pravoj piše. Pa zar nijedna pjesma, nijedan stih. Za onih milijun pogrešnih koje su bile tu. Kad nisam imao nju. Kad sam vikendom staj'o na rubu. I kad je nedjelja zjapila k'o crna rupa. Meni su neprave pružile ruku. I poljupcima odvukle do jutra. Nisu bile glupe, vjeruj mi. Svaka je znala. Kad nema velike ljubavi. Dovoljna je i mala. Nisu bile glupe, vjeruj mi. Svaka je znala. Da šutnja je zlato i da riječi se troše. Možda to nije to ali nije ni loše. Kad nema velike ljubav. Dovoljna je i mala!"
71,0X3VJo7g_1_71,Razmišljam,"Tvoje se usne pokrecu, netko iskljucio je ton. Ponekad kimnem glavom kao dokaz da sam tu. I rijeci ti nadolaze poput lavine. Zatrpan u njima zurim ti u dekolte. I razmisljam da li ti tijelo vrijedi. Ovoliko mucenja. S vremena na vrijeme govorim sto zelis cuti. Da bitno mi kod zene je kakva je u dusi. Znojim se dok pokusavam biti zabavan. Al' cini mi se da mi gledas preko ramena. I razmisljam da li ti tijelo vrijedi. Ovoliko mucenja. Pricekaj da dolijem jos malo hrabrosti. Jer trijezan nemam muda da ti kazem sto mislim. S promilima mi raste samopouzdanje. Strah od poraza uvijek me zablokira. Dok razmisljam da li ti tijelo vrijedi. Ovoliko mucenja"
72,0X3VJo7g_1_72,Rigoletto,"Probudio me umjesto kave. Odraz u ogledalu. Ovo, ovo nisam ja. Tupa faca, oronula. I muka u zelucu. Ovo, ovo nisam ja. Pred svojim se ocima. Bukvalno raspadam. Ovo, ovo nisam ja. Ovo je nocna mora ujutro. Znam da zvuci glupo. Ali ovo, ovo nisam ja. Dva prsta u usta i bit ce mi super. Rigoletto. Zaronim znojnu glavu u skoljku. Rigoletto. S glavom u skripcu obecavam lazi. Rigoletto. Da vise necu taknuti pice. Rigoletto. Hoj, hoj !!"
73,0X3VJo7g_1_73,Roštilj,"Sunce pici, mi rostiljamo. Cure gule krumpir u hladovini. Nedjeljom se mi planirano. Utapamo u harmoniji. Mi znamo sve vec o zivotu. I sto ti meni imas pricati. Koliko trosi benzina u zimskim uvjetima. I koji je limar najjeftiniji. Na rostilju zna se cevapi i kobase. Derbi sezone dreci na radiju. Sa skembom napred i brade masne. Jurimo ka trecem infarktu. Divlje izlaske u grad zamijenio je sad. Lagani dvokorak uz puni zeludac. A sada zreli i debeli iscrpljenoj zeni. U prolazu dijelimo poljubac"
74,0X3VJo7g_1_74,Šamar,"Opet ti drhte ramena, moja malena, opet sam ti nešto kriv, zašto skrivaš lice zbog masnice, koja se i ne vidi... Ti znaš, kad sam nervozan, planem, pa mi ruka poleti, ali te moje tamne strane, ne znače da te ne volim. Kad psovke ti se guše u suzama, i kad ti padne glupost na pamet, ti se sjeti naših malih curica, i tko ovdje zarađuje. Pa se pitaj dal' te boli baš toliko, moja mala glumice, kako je meni kad te volim ovoliko, trpiti tvoje očijukanje. Kako te slijede pogledi, kako se lijepe po tebi, a ti ih željno upijaš, misliš da ne vidim?. Kako te slijede pogledi, kako se lijepe po tebi, cijelim tijelom uživaš, misliš da ne vidim?. Tvoj me poljubac davi, tiho pomiče, zatvara vrata i prozore, tvoje suze me drže u opsadi, stražare nervozni pogledi. Misliš da ne vidim..."
75,0X3VJo7g_1_75,Samo za taj osjećaj,"Da sam prazan list, potpuno čist. Koristio bih puno, puno deblji kist. I samo jarke i šarene boje. Da napišem ime tvoje i moje. Da sam prazna glava, potpuno zdrava. Ne bih više ništa učio za badava. Samo onol'ko, kol'ko mi treba. Da još ostanem paf od tolikog neba. Da se mogu kao nekad, vratiti na početak. I biti onaj isti bahati dječak. Ne bih forsir'o neki ležeran stil. Niti se trudio da uklopim. Samo za taj osjećaj. Samo za taj osjećaj. Da sam prazan list, potpuno čist. Koristio bih puno, puno deblji kist. I samo jarke i šarene boje. Da napišem ime tvoje i moje. Da se mogu kao nekad, vratiti na početak. I biti onaj isti bahati dječak. Ne bih forsir'o neki ležeran stil. Niti se trudio da uklopim. Moj svijet u ovaj svijet. Moje snove u raspored. Riskirao bih svaki pokušaj. Da zadržim taj osjećaj. Samo za taj osjećaj. Samo za taj osjećaj. Samo za taj osjećaj. Samo za taj osjećaj. Samo za taj. Samo za taj osjećaj. Samo za taj osjećaj. Samo za taj taj taj taj taj taj osjećaj. Samo za taj taj taj taj taj taj osjećaj"
76,0X3VJo7g_1_76,Šank,Sad stoji ovdje naslonjen na sank. Veli mi da nema s kim popricati. Ma neka si nabavi nekog psa. Samo nek' mi skine ruku s ramena. Suputnik u kutiji nacionalno prosjecan. Ujutro pred polazak je progutao Vecernjak. Sa njim lakse podnosi sve sitne poraze. Guzve na salteru i ponizavanje. Ponekad se zapita zasto mu ime ne pamte. Kad tridesetak godina gradio je spalire. Mozda je umoran mozda vec prestar. Bole ga glasnice od skandiranja. Odozgo ga redovno tjese i dokazuju. Da njegov zivot i sav trud nisu bili uzalud. Ako vec i nema para pripadnik je svetog stada. Pa zasto da ga muce ove stvari zemaljske
77,0X3VJo7g_1_77,Sarma,"Od sve mi hrane najdraža sarma. Sva ostala klopa joj nije do boka, Miješano meso smota se lijepo. U listove zelja, da vidiš veselja. Sarma je prava poslije par dana, Kad ugledas krutu mast na vrhu. Curi niz bradu juhica fina, Odbacis pribor, zderes ko svinja. Po cijeli dan zena me grdi, Da samo jedem, spavam i prdim. Za one stvari tako joj drage, Ja vise nemam volje ni snage. Meni se, iskreno, vise ne da. Znojiti na njoj dok ona drijema. I bas me briga sto kuja melje, Cim ona ode ja vadim zelje. Sarma nesto kao). Sarma jelo pravo). Po cijeli dan zena me grdi, Da samo jedem, spavam i prdim. Za one stvari tako joj drage, Ja vise nemam volje ni snage. Meni se, iskreno, vise ne da. Znojiti na njoj dok ona drijema. I bas me briga sto kuja melje, Cim ona ode ja vadim zelje. Sarma nesto kao). Sarma jelo pravo)"
78,0X3VJo7g_1_78,Sastanak u parku,"Veceras je sastanak u parku, odmah iza vatrogasnog doma, dnevni red ima samo jednu stavku, kako osvetiti nasa dva momka. Veceras moramo pokazati, da gdje je jedan tu smo svi, i da nema zajebancije, s deckima iz Gornje Smokvice. U sjeni planina osveta je ostra ko zrak. Projurit cemo Tomosom praznom ulicom, na jakni bez rukava ACDAC i grom, cakle se nitne viore cupe u zraku, dok u sate sitne ljudi psuju u jastuk. Nas auspuh odzvanja ko truba nebeska, dojurit cemo prkosno u Donju Smokvicu, do kafica Blue i parkirati tu, sjesti negdje popiti pice, platiti i otici. U usima vec blaga bol, u nozdrvama gnjojivo, u oku jasna vizija, mi ne idemo nikuda, do kuca ovih trideset stoji nas dalek svijet, niti grad ni zivot lak uopce ne zanima"
79,0X3VJo7g_1_79,Sedma noć,"Tata, kanarinac, pas, mama i ja. Cijela se obitelj veceras skupila. Slozni kao jedan zurimo u ekran. Gdje pozdravlja nas znojni voditelj. Ovo je mala debilana za siroki puk. Odabrani egzemplari aplaudiraju. U gluposti ujedinjeni. Svi su tako uljudbeni. U pomoc! 7. noc. Hvata me jeza jer znam da me ceka. U pomoc! 7. noc. Najveci uzas svakoga tjedna. Neuhranjena publika ceri se na znak. Najglasniji gledatelj dobiti ce posude. Iscrpljene djevojke bezvoljno se klatare. I konje ubijaju zar ne?"
80,0X3VJo7g_1_80,Šef gradilišta,"Sef je gradilista danas bio jako nadrkan. Kao uvijek kad ga stisnu rokovi. Rek'o mi da se ne vucem k'o crkotina. Ili da sutra nit' ne dolazim. A ja sam ozbuko dva trosobna stana. Odnio hrpu cementa na treci kat. Dok su on i zemljaci pili u baraci. A on meni, bas meni dode srat'. Vidim da opet pricam zidu. Smjeskas se k'o da pricam vic. Tvoji prsti samo idu tamo gdje mi slic. Za moje se probleme tebi bas fucka. Ne gledaj me kao komad mesa. Iliti bolje k'o kobasicu. Ja patim od umora i stresa. Jer imam osjecaje i emociju. Kao svaki covjek trebam razumijevanja. Kad mi onaj majmun iz prve strofe digne tlak. Netko tko me voli i masira stopala. I kaze da mi zivot nije samo baustela. Ali to nije u tvom stilu to je k'o da pjevam gluhom. Cim sjednem vec si mi u krilu i guras jezik mi u uho. Kazes dosla sam po pusu a otkopcavas bluzu"
81,0X3VJo7g_1_81,Sex bez kondoma i zvijezda iz Hong Konga,"Na podiju se taremo, sapuce mi u uho. Voljela bih tako da smo sami. Dajem znak bodyguardu da izbaci bagru. Pa plesemo do zore na terasi. Predivna je igra boja iznad divnog mora. I jutro dok lezimo na obali. Ona se ne srami, niti su joj dani. Sve je ko savrseni film. I taman kad joj trebam vidjeti grudi. Kad nesto sve jace zvoni. Mislim mobitel al me veker bez milosti budi. Cijela slika se lomi. Ekran je bijel. Od kud jos u ovo doba na pragu novog stoljeca. Mastanja morona o sexu bez kondoma. Scena druga mi u parku se hvatamo u parku. Kad iznenada 4 huligana. Mozda bi im dao lovu i postio da odu. Da se nije rasplakala draga. Otkopcavam kragnu, prvom nogom u glavu. Drugom mai-geri posred pleksusa. I dok si treci trazi zube u travi. Cetvrti mi ljubi stopala. Gospodar svemira ceka na poljubac. Kad nesto sve jace kuca. Misli njeno srce. Uzalud zakopavam glavu u madrac. Stara uporno lupa. Vice dorucak"
82,0X3VJo7g_1_82,Slobodan pad,"Odlično se rastajem, dobro mašem sa perona. Od malih nogu vježbam po kolodvorima. Imam adresu između i tečno govorim na pola. U jednoj ruci osmijeh, u drugoj kofer od kartona. Atrakcija u gradu, svjetski fenomen. Čovjek privremen. U slobodnom padu zaboravljen. Čovjek provremen. Elegantno nestajem iza posljednjeg vagona. Gradim prazne palače između doma, perona, i jurećih vagona. A da baš mogu birati u što se reciklirati. Bio bih stijena ili veliki kamen. Da baš mogu birati )"
83,0X3VJo7g_1_83,Soundtrack za život,"Oko mene i u meni je. U očima ljudi koje poznajem. U fliperu lica i ulica. Glasovi tonovi rasuti. Otkada jesam, otkad postojim. Tražim tu pjesmu da mi bude štit. I prave riječi da mi budu mačeta. Kojom cu sjeći sve što mi smeta. Za svoje male katastrofe. Što će ih biti, što ih bilo. Tražim melodiju i strofe. Kao soundtrack za moj život. Tražim ritam za disanje. Pravi ritam za hodanje. I kad ga jednom uhvatim. Obećajem da odlazim. Obećajem da odlazim. Obećajem da odlazim. Obećajem da odlazim. Obećajem da odlazim."
84,0X3VJo7g_1_84,Sreća,"Kako ne bi okolo gledali, niz ulice su nam poredali, velike slike u boji na kojima točno stoji, kako izgleda sreća kad se uveća, a mi svakoga jutra kao vojnici idemo, po svoje mjesto na slici. sreća u braku ima mamu i tatu, i zdrave zube na jumbo plakatu, to je bijela suprugova žena, koja koristi pravi deterdžent, za uredni i čisti ambijent. pod neonom hipermarketa, gdje nasmijana lica guraju kolica, u naručju jeftinijeg svijeta, tamo nas čeka, tebe i mene, blistava sreća u pola cijene. što nam treba u životu, za tu sreću, pa na stotu?, jedan klik u photoshopu, i već smo spremni za Europu. Kako nebi okolo gledali, niz ulice su nam poredali, velike slike u boji na kojim točno stoji, kako izgleda sreća kad se uveća"
85,0X3VJo7g_1_85,Stari sajser,"Gospon stari sajser, rado bi imel smajser, kad vidi dotepence, kaj su se dovlekli. I one mulce, kaj ne bi rekli, ni dobar dan, u liftu prckaju po mobitelima. Gospon stari sajser, rado bi imel smajser, na portafonu stalno, nova imena. Ne'ko mu sarao po zvonu, nekom ocito smeta, kaj je on tu bil prvi, i nece da im se makne. On odlazi odavde, samo s nogama naprijed. S nogama naprijed, s nogama naprijed, odlazi odavde, samo s nogama naprijed. Tanki su zivci, obarac je napet, odlazi odavde, samo s nogama naprijed. Stari sajser, sinoc je bil nasvajsan, rek'o mi promuklim glasom. Malo sam pod gasom pa ne znam, da l' sam Vam rekel vec, al' Zagreb Vam, nekad bil mali Bec. Cet'ri metra do stropa, nekad smo bili Europa i ne znam, da l' sam Vam rekel vec. Zagreb je nekad bil mali Bec. Cet'ri metra do stropa, nekad smo bili Europa, i ne bih Vas sad, gnjavil s tim al', znate, u srcu sam i dalje mlad fakin. A sad mi kazu da im smetam, hoce da im se maknem, al' ja odlazim odavde, samo s nogama naprijed. Gospon stari sajser, rado bi imel smajser, i prave patrone, i prave metke, kad mu zvone oni, kaj dele letke, premda lepo pise, bez reklama, hvala"
86,0X3VJo7g_1_86,Studentska,"Zivim u domu k'o bubreg u loju. Imam svoj bioritam nije previse hitar. Spavam dok se ne dignem, svratim do kantine. Gdje me kuharice krisom mjerkaju. Samo kad navrate starci sam malo u frci. Micem limenke piva i prasinu s knjiga. I s bolom na licu zurim u skriptu. Dok mi ne uvale lovu, skupe ves i odu. Sto se politike tice, nje se javno odricem. Jer sam previse sretan da bih pisao uz vjetar. Radim na lokalnom planu za smjestaj i hranu. Buduca elita ne smije imat' dosje. Sve je isto k'o i prije od hot-doga do birtije. Od birtije sve do Cmroka ista runda nova koka"
87,0X3VJo7g_1_87,Superman,"Obeć'o sam ti bio brda i doline, kad sam kleknuo pred tebe na rinzol, rekoh, pokaži zvijezdu koju da ti skinem, sa dvadeset se život činio kao švedski stol. A na nama je samo da odlučimo kamo, sve će se drugo već nekako naći, tvoj Superman sa fudbalerkom, će se već nekako snać'. Dao bih sve te noći da, da ostanem taj čovjek u tvojim očima. Sad nas gledam u tom crno-bijelom spotu, što ga farovi auta vrte na stropu, pokušavam u sebi posložiti stvari, i ne znam da l' im je mjesto u srcu il' glavi. I dalje smo tu, ti, ja i moj tata, naša velika ljubav na premalo kvadrata, i dalje moja draga spava, u sobi gdje sam lijepio slike iz Brava.  Pun mi je kurac više praznih priča, i malog macchiata i velikih hrvata, većeras me pred zgradom čeka ekipa, i sutra ćemo zauvijek zalupit' vrata. Ako što krene po zlu, pitat ćeš me sigurno, molim te, reci mi, što ti je to trebalo, shvati me, strah me je, da tebi ne potonem, moram znati da sam probao dati. Sve te noći da, da ostanem taj čovjek u tvojim očima. Dao sam sve te noći da, da ostanem taj čovjek u tvojim očima"
88,0X3VJo7g_1_88,Svi smo ga mi voljeli,"svi smo ga mi voljeli osim onih na robiji), pisali duge sastavke što je ljepše, on ili proljeće?, svi smo mi posjetili osim onih na robiji), kuću u pripizdini gdje rođen je najveći sin, najveći sin naroda svog bio nam otac, majka, Bog, odozdo smo se divili osim onih na robiji), fino smo mi živjeli osim onih na robiji), nekako drugačije, zapadno istočnije, i svi smo plakali osim onih na robiji), gorke suze na travnjaku kad umro je najveći drug, najveći sin naroda svog bio nam otac, majka, Bog, odozdo smo se divili osim onih na robiji), sad smo se probudili iz opće amnezije, nakon mnogo godina izasli iz tamnice, a vani je baš oblačno, na vrhu brda stoji on, skoro da nas zavara jeftina imitacija, tog junaka narodnog, bio nam otac, majka, Bog, ponizno smo se divili osim onih na robiji)"
89,0X3VJo7g_1_89,Svijet glamura,"Na kraju grada, iza trošnih fasada. Stoji tvornica za poznata lica, Tamo se proizvode, tamo se kote. Novi modeli za vaše živote. U laboratoriju im ugrađuju lice, Za Story, Gloriju i subotnje špice, A ti s tri upravljača, spuštenih gaća, Komade pizze guraš u lice. Ko kome gura u svijetu glamura. Koliko košta nova frizura. Dej ga notr, dej ga notr. Vadi ga van, vadi ga van. Dok ocvali tajkun u prajm tajmu, Nudi srce i dušu na pladnju. Ti s tri upravljača, spuštenih gaća, Komade pizze guraš u lice. Ko kome gura u svijetu glamura, Koliko košta nova frizura. Dej ga notr, dej ga notr. Vadi ga van, vadi ga van."
90,0X3VJo7g_1_90,Svirka,"Odlicna svirka je bila odlicna, kombi se drma prek' ceste, a na radiju Dwight, uz takve se pjesme, sve cini all right. Smijem se, na staklu nazirem obrise, umor mi crta vjesto na staklo, kako je smijesno sve pocelo. Nigdje instrumenti, al' smo bili vec bend, nevazni su talenti, kad ti je frend. I kad razmislim sad, jos sam presretan, sto sam bio mlad, ali ne pametan. Ocajna svirka je bila ocajna, sada mi gode one uspomene, na prve probe gore kod mene"
91,0X3VJo7g_1_91,Tamburaši,"Pogodise ga tamburasi. Tamo gdje je najtanji. Pa ljudina od sto kila. Otvorila srce i dzep. Pustio je prvu suzu. Kad ga tuga svladala. Sad muzicari lakse muzu. Zadnju paru iz njega. Platio je pet, sest rundi. Clanovima orkestra. Sad ga vec desetak ljudi. Poznaje iz djetinjstva. Dok pjevaju mu gradski decki. O sirokim poljima. Krezubi se sanker ceri. I tiho podjebava. Tip sa sicusnom tamburicom. Masira mu srce ranjeno. Pjeva mu tiho na uho. Pjesmu o skorom povratku. Potrosio je cijelu placu. Jos drzi se na nogama. Cim razbio je prvu casu. Izbacili ga hladno van"
92,0X3VJo7g_1_92,Tema je žena,"čim se pojavi i zine, točno znam koje su rime. A nakon prve kitice. Slutim ostatak i refren. Iznenađenja ovdje nema, tužna sudbina je žena. Oh, majko mila u daljini, čuješ li sina kako slini. Mi smo sjebani ljudi. I zato nam godi. Kad druge pizde. Mjesto nas cmizdre. Tema je žena, i tu nema dilema, nego ritam je bitan. Bez tog nema hita. I dok on pije u toj noći. Konobar mu vino toči, al on zna da njene oči. Zaboravit neće moći"
93,0X3VJo7g_1_93,Teško je ful biti kul,"Nije lako kad si mamino zlato. Izgledati ovako opako. Nije lako ali možda baš zato. Prođu te trnci kad nabildani crnci repaju. Kose te riječi, kratki rafali. Osjećaš se tako mali. Jer di nači jake rime. Kraj ovakve male domovine. Imaš sample, imaš beat. Samo riječi su ti loše. Misliš da bi imao hit. Da imaš drugu boju kože. Teško je ful biti kul kad si tu. Teško je ful biti kul kad si tu. Teško je naći prave rime. Kraj ovakve male domovine, ). Nije lako kad si mamino zlato. Izgledati ovako opako. Nije lako ali možda baš zato. Prođu te trnci kad nabildani crnci repaj. Rafalna paljba, inflacija riječi. I ti bi htio nešto reći. O svom mraku, o svom kvartu. I gangovima na Pantovčaku. Teško je ful biti kul kad si tu. Teško je ful biti kul kad si tu. Teško je naći prave rime. Kraj ovakve male domovine, ). Zato obilaziš kafiće, da bi načuo priče. O borbi kvartova, uličnih ratova. Skupih drolja i skupih satova. I svemu što se rimuje na atova. Dobro je, ne laprdaj!!. Prihvatit' nove stvari ljudi nekad ne žele. Najbolji igrač im Pele, a muzičar Zele. Ljudi šišaju, peru kosu, druge su navike. A ti si ost'o inventar Jabuke. Tvoji ne kuže, vers traje duže. Cijeli album ima teksta k'o jedna moja pjesma. I znaš napisat' pjesmu, ne gubiš niti. Ja je sempliram, napravim hit. Al' ti možeš zaradit', stari hit obradit. Nije lako treba znat', umotat' plagijat. Kad se isprazni kasa bit' ćete Četri asa. I za sve seljake radit' narodnjake!!!!!!!!. Teško je ful biti kul kad si tu. Teško je ful biti kul kad si tu. Teško je naći prave rime. Kraj ovakve male domovine, ). Teško je ful biti kul kad si tu. Teško je ful biti kul kad si tu. Al' je naći rime. Kraj ovakve domovine, )"
94,0X3VJo7g_1_94,Tijana,"Tijana, opet me, zoves kad si pijana. Kad se na podiju svjetla upale, muskarci su mahom budale, ali nisam ni ja tvoj superheroj, bejbi, voljeti tebe je peteroboj. Znam da volis dobar party, i fino drustvo sa par grama, bas te briga koliko je sati, los je tajming dio tvog sarma. Nije sada pravi trenutak, da mi objasnis koji sam supak, sto smo mogli, sto je sve moglo bit, pravi frajeri bi rekli I’m too old for this shit. Opet ces popravljati sminku u ogledalu, u nekom monovolumenu s djecjim sjedalom, jer ti znas tajnu, tu istinu grubu, svi bi htjeli vidjet, ali nitko ne zeli zivjet na rubu. Tijana, zasto me, zoves kad si pijana"
95,0X3VJo7g_1_95,Tišina,Tišina leži mi na plućima. Mada znam da pored mene budna si. Sat sve glasnije otkucava. Teško da ću brzo zaspati. Sumnja kao da me skinula. Ogoljela me sve do kostiju. Sad iza svakog osmijeha. Slutim podsmijeh i prevaru. Sve dok u meni živi. Sumnja i nemir. Budi tu i dokaži mi. Da imam zaklon u tebi. Kad me niski udarci. Zabiju duboko u zemlju. Sve dok u meni živi. Sumnja i nemir. Budi tu i pomozi mi. Kad mi bliske osobe. Pokažu tamno naličje. I otkriju budalu naivnu. Sumnja kao da me skinula. Ogoljela me sve do kostiju. Sad iza svakog osmijeha. Slutim podsmijeh i prevaru. Možda je vrijeme konačno. Umiriti se. Uz novine i večeru. Čekati lutrije
96,0X3VJo7g_1_96,Trening za umiranje,"Beskrajno prazan jurim prema zalasku, brzina mi poklanja zaborav, s polupraznom gajbom na zadnjem sjedalu, u ritmu muzike dodajem gas. Ludilo me vodi poput starog znanca, vjetar miluje mi karoseriju, tvoje lice, tvoje oči poput živog mrtvaca, sad su zauvijek u retrovizoru. Tražila si samo odgovor, zašto sam to kralj ironije, zašto se ne vratim ponovo, nastavim trening za umiranje. Ako noćas vijesti jave, da sam nestao bez traga, smiri se, ne plači od sreće, moj pokvareni osmijeh dobro pogledaj, vidjet ćeš, đubre kao ja ne umire"
97,0X3VJo7g_1_97,U ritmu moje dlakave guze,"U ritmu moje dlakave guze. Kombi se ljulja, zagušljivo je. Otvaram prozor i udišem duboko. A ti me grliš i ne puštaš me. Poslije ležimo i gledamo zvijezde. Čuju se lavež i zrikavci. Dok vjetar mete opustjele ceste. Mi se pitamo tko će prvi zinuti. Jutarnji zrak ulazi hladi nam glave. U njima savjest nas optužuje. A mi se vrlo mudro branimo šutnjom. Smišljamo laži za najdraže. Osjećam se kao govno u zraku. Mene baš to uzbuđuje. Jer ne bi bilo ovako mi slatko. Da mi tvoj dragi nije prijatelj. Istinske perverzije zapravo tek počinju. Kad trijezna sad kretena dva pocinju tražit izgovor. Isprika za jelena, laštimo skupa rogove. A nakon runde jos jedna neće biti veći grijeh"
98,0X3VJo7g_1_98,U sobi on i brat,"Tri su banke mu na grbi. Al' jos uvijek se on drzi. Kao s 15 godina jos pije, psuje, pusi. Analizira. U sobi on i brat. Spava u krevetu na kat. Mama kuha, a tata radi, A on po cijeli dan. Trkelja na gitari. Sad stoji mi na putu. Zica me za kunu. Tu je gdje god se okrenem. U Jabuci na sanku, U prolazu Cibone. Po cijelom gradu k'o da prati me. A moj odgovor je isti gdje god me uhvati, Kasni mi placa"" u potrazi za sobom. Ne zuri mu se s jobom. Bolje i tata nego lopata. A valjda ce i stari jednom odapeti. Ikad rob profita. Nikad stopat karticu. Prosegnuo je svecano. Za pivo i upad uijek ce se naci. A sve ostalo je nevazno"
99,0X3VJo7g_1_99,Usamljeni u gomili,"Iz tramvaja se cini. Da tvoj neboder vec spava. Pitas me da li cu te. Otpratiti do stana. Nocu je kazes opasno. Prolaziti hodnikom. Sve se rjede u pomoc. Otvaraju vrata. Pricas mi o strahu. Da budes ziva zakopana. U zlatnoj sredini. Izmedu katova. Gdje kroz tanke zidove. Cijelu noc odjekuje. Smijeh napusenih klinaca. I skripa liftova. Nervoznim prstima na radiju trazis stanicu. Glas koji ce sapnuti da nisi jedina. Ali sve sto cujes je hipnoza, uljuljkivanje. Kastrati u modi i buka strojeva. Zato ne pitaj me !!!!. Kako smo to postali. Usamljeni u gomili. Pomozi mi vjerovati. Da ovdje nisam jedini"
100,0X3VJo7g_1_100,Vjeruj u mene,"Vjeruj u mene. Mene jednom kada krene, Kad se slože karte. I sve dođe na svoje, Vjeruj u mene!. Pred. Vjeruj u mene, Nisam onaj od prije. Evo stiže moj sretni broj. Samo što nije. . Ja ću ti bit' favorit. Ili me neće bit'!. Vjeruj u mene, Nije sve tako crno. Po zakonu velikih brojeva. Moram i ja naći zrno. Pred. Ja sam apgrejdan i poboljšan. I spreman da ti svašta dam. Samo čekam tiket sa svojim brojem. Ia sam dobitnik, glavni lik, Potencijalni pobjednik, Rođen pod sretnom zvijezdom, Samo ne znam kojom. "
101,0X3VJo7g_1_101,Zakaj se tak' oblačiš,"Sitna carka cipelarka. Zapocinje destrukcija lubanje. Stari, nemoj se ljutiti, Al' decki su me prebili. Sad znam, sad znam, sad znam sto to znaci. Zakaj, zakaj, zakaj se tak' oblacis?. Jednog dana ce naci mene, Moj inkvizitor strpljivo ceka. Tad zasigurno necu biti brzi, Al' kad krv potekne granice nema. Samo bijes, zelja za osvetom. Stvorit ce od mene zivotinju. I zato... Samo u jaja, samo u jaja, Pokazi malom sta je tehnika, Samo u jaja, samo u jaja. Milost je cista patetika."
102,0X3VJo7g_1_102,Zimmer frei,"Kad jednoga dana turizam procvjeta. I navale švabe u rekordnom broju. Cijela će zemlja samo od ljeta. Živjeti kao bubreg u loju. Samo će vječni rekreativci. Radit' na polju il' biti vojnici. Slavonija će biti golf teren. A tko previše radi uhapšen. To će biti taj dan. To će biti taj dan. Objesi zimmer frei. Lezi pod palmu i uživaj. Debele švabe će se tući za vize. Da dođu do nas i potroše devize. Plate cestarine i skupe vinjete. Da vide to more i kupe vegete. Posebni zakoni za vrijeme sezone. Sa naših će plaža micati one. Zaraćene, napaćene, izgužvane, otuđene. I ostale blamaže sa naše lijepe plaže. Taj dan, to će biti taj dan. Objesi zimmer frei. Lezi pod palmu i uživaj. To će biti taj dan. To će biti taj dan. Objesi zimmer frei. Lezi pod palmu i uživaj"
