Song_ID,Artist,Artist_diskografija,Song_tekstovinet,Views_tekstovinet,Lyrics_tekstovinet,Url_tekstovinet
JWLKah/6_1_0,Petar Grašo,Petar Grašo,92,56960,"Otkad nema te tu 
sve duzi je dan
sve teze mi pada 
moj rodjendan 

Tvoj parfem na dar
nasa soba i Hvar 
sve mirise na te' 
novo svitanje i staro pitanje
sto te nema, nema
 
Ref.
Sto te nema barem jedan dan 
da te ljubim, da te osjecam 
i da se smijemo se kao te 
devedeset druge godine 

K'o dijete sam ja
s licem od covjeka
tvoj blagoslov 
nosit' cu do vijeka 

Svaka pjesma i rijec
sto iz mene ce tec' 
sve mirise na te' 
novo svitanje i staro pitanje
sto te nema, nema 

Ref.

Prasnjavim dvorcem 
sjecanja trazim te 
blijeda su jutra bez tebe 

Ref.","https://tekstovi.net/2,221,5620.html"
JWLKah/6_1_1,Petar Grašo,Petar Grašo,Ako se rastanemo,26091,"Ne govorim s tobom
i nista nije kao prije
cija to pisma citas
tisina, samo tisina lije

Pogledaj me u oci
sto covjek moze da proguta
ima li snage za jos pet minuta
ili smo stigli do kraja
do kraja puta
 
Ref.
Ako se rastanemo
onako posteno i sami
sta cemo reci susjedima
postaru i tvojoj mami

Jer ako se rastanemo
nece se srusiti svijet
doci ce novi stanari 
u Mose Pijade 35

Ne govorim s tobom
drugacija si, nisi ista
izgubili smo nepovratno
djetelinu s cet'ri lista

Hej, pogledaj me u oci
sta covjek moze da proguta
i ima li snage za jos pet minuta
ili smo stigli do kraja
do kraja puta

Ref.","https://tekstovi.net/2,221,5621.html"
JWLKah/6_1_2,Petar Grašo,Petar Grašo,Ako te pitaju,185992,"Jos su do lani
moje noci, moji dani 
bili ka' i karte razbacani 
naniza pute i minute
zene puste 
a desila se onda ti 
 
Sad si lipota
sad si ljubav mog zivota 
lice srece prvo, drugo, trece 
kad se ljubav dogodi
i kad zivot pogodi 
tu san ja i tu si ti 

Ref. 
Ako te pitaju, moja ljubavi 
jel' nan lipo reci je 
imamo na svitu sve 

Ako me pitaju, moja ljubavi 
jel' mi fali zivot otprije 
rec' cu nije ga ni bilo bez tebe 

Sad si lipota
sad si ljubav mog zivota 
lice srece prvo, drugo, trece 
kad se ljubav dogodi
i kad zivot pogodi 
tu san ja i tu si ti 

Ref. 2x

Ma nije ga ni bilo bez tebe 

Triba nan, triba nan malo 
triba nan, triba nan malo 
triba nan, triba nan samo 
da se volit znamo 

Triba nan, triba nan 
triba nan, triba nan malo 
triba nan, triba nan samo 
da se volit znamo 

Moja ljubavi (triba nan, triba nan)
moja ljubavi (triba nan, triba nan malo)
triba nan, triba nan samo
da se volit' znamo 

Ako te pitaju (triba nan, triba nan)
moja ljubavi (triba nan, triba nan malo)
jel' nan lipo reci je 
(triba nan, triba nan samo)
imamo na svitu sve 
(da se volit znamo)

A triba nan, triba nan malo 
triba nan, triba nan malo 
triba nan, triba nan samo 
da se volit znamo","https://tekstovi.net/2,221,55130.html"
JWLKah/6_1_3,Petar Grašo,Petar Grašo,Baraba,14095,"Kazi mi s kim si 
nocas cekala zoru
kome si tijelo svoje nudila
kazi mi s kim si 
nocas brojala zvijezde
cije si grudi ljubila
 
Daj barem kazi 
da l' je bolji od mene
kad te je kuci svojoj odnio
ili je ljubav tvoju vezao lancic
sto ti je poklonio

Ref.
Jer on je
baraba, baraba
najveca, aha
baraba, baraba
najgora, aha

Njegovi korijeni 
su negdje odavde
al' vani ima svu imovinu
dok preko grane kupuje restorane
on misli na domovinu

On te je vozio 
u predjele mracne
da vidis kako svijetli njegov sat
al' tamo lete neki cudni komarci
sto su te tako ugrizli za vrat

Ref.

On vozi tristo na sat
al' nikad nece ti dat 
svu ljubav koju sam ti
pruzio ja","https://tekstovi.net/2,221,5622.html"
JWLKah/6_1_4,Petar Grašo,Petar Grašo,Brod ljubavi,27045,"Iznad tihog oceana
bura, nevera, orkana
ja sam veslao do tebe miljama
ljudima nisam rekao 
sto me tako zanima

Dobri nalazili lose
tuzni sretne ljubili
ja i ti se nismo jos usudili
ali, znam dogodit ce se to
ja u zraku osjecam
 
Ref.
Nas dvoje smo
sve preostalo
na tom brodu ljubavi
sve je ostalo

Draga sve je propalo
sve se drugo rasulo
bilo dobro bilo zlo
draga, ja osjecam to","https://tekstovi.net/2,221,5623.html"
JWLKah/6_1_5,Petar Grašo,Petar Grašo,Da li iko navija za nas,17759,"Kada zivot zbroji sve 
porazi i pobjede
dolaze i prodju
ljudi dobri, ljudi zli
predsjednici, prosjaci
svi na isto dodju
 
Samo ti, ti si vjestilo 
(c)ta mi osmijeh krade 
samo ti, ti si zadnji brod 
na rtu dobre nade 

Ref.
Urlaju sa radija ludjaci 
sve je ovdje slava, novac, moc
tuku se desnjaci i ljevaci 
tu je pamet rekla laku noc 

Urlaju sa radija ludjaci 
mudri samo sute na sav glas 
sudbinu nam kroje losi djaci 
da li i'ko navija za nas

Kada zivot zbroji sve 
vrijeme nije najbolje 
i ljudi su u kvaru 
pocetnici znaju sve 
pametni ne govore 
a krivi su u pravu 

Ti mi dodjes kao 
dobar znak 
tad na svijetu 
nije samo mrak 

Ref.","https://tekstovi.net/2,221,5627.html"
JWLKah/6_1_6,Petar Grašo,Petar Grašo,Fritula (feat. Narodni),40362,"Kasna svirka, rani let
iden doma, dan je svet
aerodrom ka i svi
jingle bells i ukrasi

Di bas sad, di bas sad
da na Badnjak budem tu
moji svi, moji svi
oko stola cekaju
 
Ref.
Sve bi da, da za nju
jednu malu fritulu
i da te, i da me
drzis cvrsto za ruku
jer ja sanjam taj Badnjak
uz tebe

Sve bi da, da za nju
jednu malu fritulu
i da te, i da me
drzis cvrsto za ruku
jer ja sanjam
da u ponoc sapnem ti
sretan Bozic, ljubavi

A na broju 325 pise ""otkazani let""
ja trcim, trazim rent – a – car
da se spasi cila stvar

Ref.

Ljubavi
ja sve bi da
i da te, i da me
drzis cvrsto za ruku

Jer ja sanjam da
u ponoc sapnem ti
sretan Bozic, ljubavi
sretan Bozic, ljubavi","https://tekstovi.net/2,221,57436.html"
JWLKah/6_1_7,Petar Grašo,Petar Grašo,Godine ljubavi,26767,"Usla je tiho ka' brod
u pismu moju i odnila sve
ja odavno gledan u pod 
i kazaljke stoje
ka' da se boje dalje bez nje

U uvali nade i sna 
ne baca se sidro e da san to zna'
ja ne bi se veza za nju 
ka' jarbol za idro i ne bi se 
'vako do kraja da i tu potonija
 
Ref.
Godine jubavi nemaju cijene
sta san ih bacija prid noge njene
sve sta je bila nece mi bit'
moran se na to naviknit'
jer pocinje zivot bez nje, zivot bez nje

I sve cu od sebe dat 
da uspravno stojim
da ne vidi svit
da ne smin se ni pogledat' 
jer tako se bojin
da od mene nikad
od mene nikad covika bit'

Ref.

Vrime procidi to, dobro i zlo
sve dodje na svoje
vrime procidi to, proc' ce i bol
sta nosin za dvoje

Ref.

Sve sta je bila nece mi bit'
moran se na to naviknit'
jer pocinje zivot bez nje, zivot bez nje ","https://tekstovi.net/2,221,5671.html"
JWLKah/6_1_8,Petar Grašo,Petar Grašo,"Gol, bos, sam",11325,"Ljubav je lancun bili
koji se s tobon dili
ja se uvik zamotan u nju
tvoje misto je kraj mene tu

Ova noc mirno more
baca mi sol na snove
ti si tamo di ja nemam kljuc
di moje zelje ne mogu uc'
 
Ref.
Ostajen gol, bos, sam
na stine nasukan
jos te ova dusa gladna
i posteja nasa i prazna i 'ladna

Ostajem gol, bos, sam
na stine nasukan
dok me bol po dusi grebe
bojim se jutra, ljudi i sebe
jer nema tebe, jer nema tebe

Nebo mi kison priti
s drugin ces nazdraviti
jer on ti daje odmotan dar
moje srce ka slomljenu stvar

Ref.","https://tekstovi.net/2,221,5672.html"
JWLKah/6_1_9,Petar Grašo,Petar Grašo,Idi,26581,"Vrijeme leti, vrijeme mijenja sve
tesko mi je nositi se s time
ljudi odlaze, ljudi dolaze
ne govori nikom svoje ime

Srce sam ti davno predao
vruce, kao pecivo na dlanu
znam bio sam lud
al' vise nemam kud
zato, molim te, pusti me
 
Ref.
Idi, zauvijek zalupi vratima
Idi, pusti da borim se satima
zivi i s drugim dijeli sve
al' ne zaboravi
da netko volio te je","https://tekstovi.net/2,221,5673.html"
JWLKah/6_1_10,Petar Grašo,Petar Grašo,Je l' ti reka' 'ko,980,"Sve sta san o tebi zna
sta san cuja, vidija
viruj, sad san shvatija
da sve, da sve to nista je

Covik sve upozna onda tek
kada cilo srce drugon da
i prizna da je volija
 
Ref. 2x
Je l' ti reka' 'ko
je l' ti reka' 'ko
je l' ti reka' 'ko
onako iskreno

Da bi za tebe umra ja
i bez da trepnen
i opet rodija se
samo da te sretnen

Je l' ti reka' 'ko
onako iskreno

Poznan te ka' dobar dan
znan ti duse svaki gram
znan ti tilo napamet, za pet
za sve san druge zauzet

Tesko mi je to i zamislit'
kakav bi to samo bija svit
u kon cu ja, u kon cu ja
bez tebe bit'

Ref. 2x

I Bog da razdili lipotu tvoju svu
bilo bi je i na zemji
bilo bi je na nebu

Je l' ti reka' 'ko
onako iskreno","https://tekstovi.net/2,221,64675.html"
JWLKah/6_1_11,Petar Grašo,Petar Grašo,Jedina,61997,"Jedina, jos te ima posvuda 
svaki dan je osuda, najgora
prstima, kosu sam ti cesljao
tvojim tijelom veslao
nocima nisam se smijao
ne pamtim otkad s drustvom opijao
 
Osjecao mlad i oni mi govore
da nisi vrijedna ti
sta zivim jadno i bijedno
i bjezim od sebe i njih
(a briga me za svih)

Zalite me drugovi
prijatelji najbolji
jer me ona ne voli
jer me ona ne voli

zalite me moji svi
prijatelji najbolji
jer ako necu biti njen
neka umrem isti tren
umrem nevoljen

I jedina, jos te ima posvuda 
i svaki dan je osuda, najgora
nisam se smijao, ne pamtim 
otkad s drustvom opijao

Osjecao mlad i oni mi govore
da nisi vrijedna ti
sta zivim jadno i bijedno
i bjezim od sebe i njih
(a briga me za svih)

Ref.","https://tekstovi.net/2,221,5674.html"
JWLKah/6_1_12,Petar Grašo,Petar Grašo,Jos uvik slipo virujen,33863,"Jos uvik slipo virujen
da 'vaka jubav puknit nece
jer tako sebe smirujen
jer tako vrime lipse tece

Ti nisi moja ne mo's krit
jer zakon sutnje tu ne vazi
srce se ne da privarit
i bez da kazes ric, vatan te u lazi
 
Daj mu dusu, daj mu svoje tilo
laz za jubav to najbolje znas
ka da nikad nista nije bilo
ovu jubav ubijas

Ref.
Jos uvik slipo virujen
u jubav divlju, pravu, ludu
za koju vridi gladan bit
za koju vridi ostarit, zivit i umrit

Daj mu dusu, daj mu svoje tilo
laz za jubav, to najbolje znas
ka da nikad nista nije bilo
ovu jubav ubijas

Sta me vuce jos jubavi toj
s kojon prosa san krv i suze i znoj
a sta me vuce da jos san uvik tvoj","https://tekstovi.net/2,221,5676.html"
JWLKah/6_1_13,Petar Grašo,Petar Grašo,Kad ostarim ,28871,"Ne vjeruj 
Kad kazu da sam lud 
Da me znaju 
Od 'ko zna gdje 
I 'ko zna kud 

Reci ce da gone mene 
A boje se svoje sjene 
Sjene ruzne 
kao ljudska cud 
 
Pobjegni 
Kad kazu da me znaju 
Kad ti casnu rijec 
Bez malo casti daju 
Misevi su to u boci 
Nisu moji to svjedoci 
Njihove ih oci odaju 

Trebas mi ti, snagu mi daj 
Ti budi moj pocetak i kraj 
Umoran sam i malo me strah 
Zagrli me, trebam tvoj dah 

Trebas mi ti, snagu mi daj 
Budi moj put kroz trnje u raj 
Kad utihnu svjetla i dim 
Kad ostarim 

Ne vjeruj 
Kad kazu da sam tih 
Da ne jeci pjesma moja 
I moj stih 

Ne leze im moje rime 
Vjeruj nemam nista s time 
Kriv sam 
Jer sam bolji ja od njih 

Trebas mi ti, snagu mi daj 
Ti budi moj pocetak i kraj 
Umoran sam i malo me strah 
Zagrli me, trebam tvoj dah 

Trebas mi ti, snagu mi daj 
Budi moj put kroz trnje u raj 
Kad utihnu svjetla i dim 
Kad ostarim 

Ne mari 
Za sapat sto me vrijedja 
Hrabrih ratnika 
Sto napadaju s ledja 

Ne ljuti se vec ih zali 
Jer su sami, jer su mali 
Ljubav nisu ni upoznali 

Zagrli me dok nas ima 
Zagrli me ide zima 
Vrijeme ipak dolazi po svih","https://tekstovi.net/2,221,2698.html"
JWLKah/6_1_14,Petar Grašo,Petar Grašo,Kada krenu vlakovi,19592,"Lako tebi, ti se uvijek
Nekom vratis
I bez rijeci i bez volje
Niti da mu slazes bolje
Da mu oci zatvoris

Lako tebi, sve ti zelim
Sve ti dajem
Srebr'n mjesec iznad vode
Sto u nebo zorom ode
Kada krenu vlakovi
 
Idi i ti s njima
Idi nek' te svatko ima
Kad me vise ne volis

Idi, idi putuj s njima
Idi juznim gradovima
Putuj dok ne ostaris
Samo ostavi me ti
Kada krenu vlakovi

Lako tebi, srecu imas
Na tom svijetu
Ja ni sestre niti brata
U samoci sto me hvata
Kada krenu vlakovi","https://tekstovi.net/2,221,2491.html"
JWLKah/6_1_15,Petar Grašo,Petar Grašo,Ko nam brani,72706,"Nekad cini mi se
da je propalo sve 
nista nece da krene 
lose doslo je vrijeme 
a ja ne vidim spas za nas 

Zato bjezim od svih 
nekad napisem stih 
nekad odem do sanka 
al' je linija tanka 
izmedju jave i sna
vrha i dna i pjevam 

Ref.
Hej, duso, 'ko nam brani 
da bude sve 'ko lani 
na moju dusu stani i ostani 

Covjek pokvari sve 
prije il' kasnije 
ljubav nije za ljude 
neka bude sta bude 
necu pustit' ni glas za nas 

Zato bjezim od svih 
nekad napisem stih 
nekad odem do sanka
al' je linija tanka 
izmedju jave i sna 
vrha i dna i pjevam 

Ref.","https://tekstovi.net/2,221,5677.html"
JWLKah/6_1_16,Petar Grašo,Petar Grašo,Lakse mi je s' njom,32184,"Lakse mi je s njom
nego sa tobom 
dala mi je sve 
ljubav, sricu, dom 
kad se pokrijen
srcu otkrijen 
da mi fale dani sa tobom 
 
Boze, daj mi ljubavi
da mi prodju dani ti 
u mom srcu njen je dom 
na svom dlanu spavan s njon 

Boze, daj mi ljubavi
da mi prodju dani ti 
kada zaspe, sanja li 
dane sto smo zivili 

Kad se budi, sazna li 
da smo isto nesritni","https://tekstovi.net/2,221,5679.html"
JWLKah/6_1_17,Petar Grašo,Petar Grašo,Ljubav jedne zene,55346,"Nebo moje ljubavi
prekrila je siva boja 
i da mogu letjeti 
k'o sto leti ljubav moja 
u san dosao bih njen 
tiho k'o u Betlehem 
k'o u Betlehem 
 
Ref.
Ljubav jedne zene 
tece mi kroz vene
smiri se, pa krene 
kad je najgore 

Ljubav jedne zene 
tece mi kroz vene
smiri se, pa krene 
kad je najgore
kad je najgore","https://tekstovi.net/2,221,5680.html"
JWLKah/6_1_18,Petar Grašo,Petar Grašo,Ljubav pozlati sve,49217,"Tvrda je kora od kruha
sto tjera nas na dalek put
al' osmijeh od uha do uha
uz tebe bih mogao svud

Kroz san sam vidio dan, taj dan
kroz san ja cuo sam glas
 
Hodao ja sam na zici
na zici od lakoga sna
skrivao srce u ptici
i tebe sam trazio ja

Kroz san sam vidio dan, taj dan
kroz san ja cuo sam glas

Ref.
Sve dobro u ljudima
ti donosis to
u meni, u drugima
pobjedjujes zlo

Zlatne poluge sve
sunce prosulo je
tvome srcu da pozlati me

Sve se moze i zna
srce snagu ti da
kada blagoslov dobijes ti
ljubav sve pozlati

Na tvome toplome dlanu
ja spustio sam glavu
ko' da je cvijet
nisam te pustio samu
jer djecjim ocima 
si gledala svijet

Kroz san sam vidio dan, taj dan
kroz san ja cuo sam glas

Ref.

Zime promrzle me
al' sam borio se
da ti ugledam sjaj
kada dotakne me
ljubav pozlati sve
ljubav pozlati sve

Ref.","https://tekstovi.net/2,221,5678.html"
JWLKah/6_1_19,Petar Grašo,Petar Grašo,Lomi me,33122,"Godine su pomele 
vragove i andjele
lipo sve mi odnile
nikad nista vratile 

Ljudi srcem napukli
napukli pa pobigli 
al' tvrd ka stina ja san sad
star iznutra, vanka mlad 
 
Di god da san krenija
suputnik mi nevoja 
ne znan di ce odvesti
staza ove mladosti 

Cudni ljudi zive tu
sve sta vole razapnu 
al' tvrd ka' stina ja san sad
star iznutra, vanka mlad 

Ref.
Jer lomi, lomi me 
sta mi nema, nema nje 
sta mi nema nje 
i sve lipo rusi se
sta mi nema nje 
sta mi nema nje 

Di god da san krenija
suputnik mi nevoja 
ne znan di ce odvesti
staza ove mladosti 

Cudni ljudi zive tu
sve sta vole razapnu 
al' tvrd ka' stina ja san sad
star iznutra, vanka mlad 

Ref.

Ref.

Godine su pomele 
vragove i andjele","https://tekstovi.net/2,221,5675.html"
JWLKah/6_1_20,Petar Grašo,Petar Grašo,Mjesec iznad oblaka,25720,"U tajnom gradu srca mog
skrivenom u predgradu
ja cuvam tebe najdraza
da mi te ne pronadu

Bez tebe ja sam nevazan
bez tebe ja sam samo zrak
ko mjesec iznad oblaka
ti mi svjetlis u moj mrak
 
Od pogleda ja sakrivam
tvoje osmjehe i plac
da ne bi nas razdvojio
tudje ljubomore mac

Ref.
Zivim, zivim za tebe
zivio bi' i ranije
sve nek' ide samo ti 
ostani, ostani

Spavaj, spavaj budi tu 
na mom toplom ramenu
sve nek' ide samo ti 
ostani, ostani

Na zidu moga sivila
ti si slika najljepsa
sto zivot mi produzuje
sto mi snagu poklanja

Ref.

Ko mjesec iznad oblaka
cuvam ljubav najljepsu
da ljudi je ne pronadju
da mi je ne oduzmu

Ref.","https://tekstovi.net/2,221,5722.html"
JWLKah/6_1_21,Petar Grašo,Petar Grašo,Moje zlato,50734,"Prije tebe zivot moj
pucanj bija je u prazno
i sve druge ne stanu
ni u rubriku pod razno

Tvoji otisci su tu
na mome srcu ka na casi
prava ljubav nikad ne promasi
 
Skupa smo se smijali
skupa plakali bez stida
i sad sam k'a i vojnik ja
koji epolete skida

I znam da nisam svetac
i znam da imam milijun mana
al' te volim sve do zadnjeg dana

Ref. 2x
(Ma) Ko ce nego ja 
moje zlato jubit'
'ocu da se zna, 'ej da se zna
da volim te jos, volim za poludit'

Ref.

I kunem ti se jednu stvar
gori nisam moga bit'
i dok me nisi dotakla
ja sam bija gluv i slip
jer nista mi nije
od nas vaznije

I ko ce

Ref.","https://tekstovi.net/2,221,49288.html"
JWLKah/6_1_22,Petar Grašo,Petar Grašo,"More i ja, more i ti",16167,"Pobit' cu nocas u note i stih 
jer jos te ima u svakon od njih
tamo dise jos sve sta znaci mi
more i ja, more i ti

Covik se rodi i umire sam
al' postoji misto di siguran san
tamo dise jos sve sta znaci mi
more i ja, more i ti
 
Ja jos sam tvoj, jos me 
ova jubav tuce ka' i grom
ja jos sam tvoj, 
dok me muce 
glad i zedj za tobom
jos je moje more 
tvome vitru dom

Covik se rodi i umire sam
al' postoji misto di siguran sam
tamo dise jos sve sta znaci mi
more i ja, more i ti

Ja jos sam tvoj, jos me 
ova jubav tuce ka' i grom
ja jos sam tvoj, 
dok me muce 
glad i zedj za tobom 
jos je moje more 
tvome vitru dom

Ja jos sam tvoj, jos me 
ova jubav tuce ka' i grom
ja jos sam tvoj, 
dok me muce 
glad i zedj za tobom 
jos je moje more 
tvome vitru dom

jos je moje more 
tvome vitru dom","https://tekstovi.net/2,221,2699.html"
JWLKah/6_1_23,Petar Grašo,Petar Grašo,Najteza ric,19235,"Ponovo si bez da san prista 
kroz moj zivot krenila 
i u srcu mom si pronasla mista
sta san za te cuva ja

A prid sviton ja san Bogon se klea
da san sve tvoje spalia
i zbog onog sta san za tebe prosa 
da si za me umrla
 
Znas od onda kad san za tebe cvita
kad san lip dan po tebi zva
i zbog tebe kad san zamalo umra
rekupera se nisan ja 

I ne spominjem te nigdi i nikom
progucam ric, kad krene van
a sve su samo lutke sa tvojon slikom 
s kojon guran ovaj bezimeni dan

Ref.
I dode mi da poludim
jer zivot ne ide
bez tebe, bez tebe

I dode mi da poludim
di ponos caruje
tu jubav nece pric
di ponos caruje
oprosti mi je najteza ric","https://tekstovi.net/2,221,5723.html"
JWLKah/6_1_24,Petar Grašo,Petar Grašo,Ne boli me,18599,"Tvoje srce bilo je
prvi susid do moga
budilo me jutrom
priko prozora

Ali sudbine
staklo palo je
i puklo je
i puklo je
nadvoje
 
I skupija san hrabrost svu
cili svit u kuferu
i dvi tvoje suze
na mom prozoru

Ali nisan zna
konope drzat ja
konope sta
srca su nan vezala

Ref.
Ne boli me
ne boli me
sta san bez srice
sta san bez nje

I nije sta zivot san ranija svoj
nego san isto
bas isto ka moj
ja satra cili zivot tvoj","https://tekstovi.net/2,221,5705.html"
JWLKah/6_1_25,Petar Grašo,Petar Grašo,Ne znan za se,6194,"Ref. 
Ne znan za se, ne znan za se
samo rijetko ja se sastavim
ziv sam samo, ziv sam samo
kad' se s tobom zamislim

Ne znan za se, ne znan za se
samo rijetko ja se sastavim
slomit' ce me jutra plava
ako ja bez tebe ostarim
 
Kad te Bog u dusu takne
kao sta si mene ti
i na uho nesto sapne 
sta ti zivot promini

Stavi srca dva u jedno
to za zivot dosta je
kad te ljubav
 prave zene dotakne

Slomit ce me jutra plava
ako ja bez tebe ostarim

Ref. 2x","https://tekstovi.net/2,221,52738.html"
JWLKah/6_1_26,Petar Grašo,Petar Grašo,Nece nas zauvik bit',5683,"Ref. 2x
Nece nas, nece nas
zauvik bit'
trosin se i zivin
razlog da se smirin
ja ne vidin
 
Nece nas, nece nas
zauvik bit'
bija bos il' bija car
moj je zivot dar - mar
al' je zivit' najboja stvar

Prolazi, prolazi, prolazi sve
da san ti, zivote sve o' sebe
sad u zadnji dzep
za me stavi jos minuta pet

Pa da vratin sve
prvu jubav, smij, veselje
i sve prijateje
bez nji' sve je prazno, prolazno

Ref.

Sad u zadnji dzep
za me stavi jos minuta pet

Pa da vratin sve
opet zovnen kumpaniju
pa da kontra sviju
cilo srce damo
jer znamo

Ref.

Al' je zivit' najboja stvar","https://tekstovi.net/2,221,61767.html"
JWLKah/6_1_27,Petar Grašo,Petar Grašo,Nek' pisma ostane,10944,"Mozda je bilo rana 
al' rane zacijele 
a tuge lipih dana 
mene su nacele 

Bilo je suza, vina 
zivot ukrade sve 
al' srce nije stina 
vrime ga razbije 
 
Ref.
Judi, nek' vas cuva Bog 
ostavljan van pismu 
ka' komad srca svog 
i nek ona vrati me 
vrati dane, dane 
kad ste bili kraj mene 

Zivot bija mi je drag
ostavljan vam pismu 
ka' zvizda nebom trag 
i nek' ona vrati me 
vrati dane, dane 
kad ste bili kraj mene 

Zavrsi svaka prica 
polako nestane 
kad gasne moja svica 
nek' pisma ostane

Ref.

Vrati dane, dane
kad ste bili kraj mene","https://tekstovi.net/2,221,5711.html"
JWLKah/6_1_28,Petar Grašo,Petar Grašo,Nevista,65193,"Da si, da si moja nevista
ne bi prazna bila postelja 
od moga tila 

Ne bi sad kad zivot privrtim
ima zelju da sve ostavim
da jos jednon okusin 

Ref.
Misno vino s tvojih usana 
Bog i loza da da me opija 
pet, sest dana jos bi patija
sedmi puka ja, pa te molija 
da mi budes ti moja nevista","https://tekstovi.net/2,221,5708.html"
JWLKah/6_1_29,Petar Grašo,Petar Grašo,Ni mrvu srice,22971,"Zlatna ti zora bilo lice ljubi
ka' rosa cvice, ka' rosa cvice
kad lipo sanjas zasto mi te budi
zasto vec svice, zasto vec svice
pred tobom klece andjeli i ljudi
moja ces biti tako nebo sudi
 
Ref.
I pojdi, pojdi za mene
jer toliko te jubim
pojdi, pojdi za mene
da kraj tebe se budim
ni mrvu srice ja ne bi' ima
da mi te nima

Zlatna ti kosa pala sa kusina
na moje rame, na moje rame
od miliun ruza jedna dusu ima
i cvita za me, i cvita za me
pred tobom klece andjeli i ljudi
moja ces biti tako nebo sudi

Ref.","https://tekstovi.net/2,221,5707.html"
JWLKah/6_1_30,Petar Grašo,Petar Grašo,Nisan vise ja sa njom (duet Dino Radjo),24982,"Nisan vise ja sa njon
ne smin naglas reci to
da se ne cujen, kada zaplacen
i kad zadrcen za njon

Nisan vise ja sa njon
ne smin naglas reci to
svi pomozite, svi joj recite
da cu umrit s' tugon tom

Ide zivot, sta cu s njin
bez nje ja ne postojin
njeno tilo fali mom
spavan ja sa nemiron
nisan vise ja sa njon","https://tekstovi.net/2,221,5709.html"
JWLKah/6_1_31,Petar Grašo,Petar Grašo,Odlucio sam slijediti Krista,15852,"Ljubavlju vjecnom ljubim te
zato ti sacuvah milost 

Ref. 2x
Odlucio sam slijediti Krista
odlucio sam slijediti Krista
odlucio sam slijediti Krista
necu se vratit' nikada
 
Ref.

Da niko nece ja idem za njim
da niko nece ja idem za njim
da niko nece ja idem za njim
necu se vratit' nikada

Krist je preda mnom, a svijet je za mnom
Krist je preda mnom, a svijet je za mnom
Krist je preda mnom, a svijet je za mnom
necu se vratit' nikada

Ref.

Aleluja, aleluja, aleluja, aleluja, aleluja
aleluja, aleluja, aleluja, aleluja, aleluja, aleluja

Uzmite sav svijet, dajte mi Krista
uzmite sav svijet, dajte mi Krista
uzmite sav svijet, dajte mi Krista
necu se vratit' nikada

Ref. 2x

Ref.

Ref. 4x","https://tekstovi.net/2,221,19643.html"
JWLKah/6_1_32,Petar Grašo,Petar Grašo,Otkad nije mi tu,14380,"Ljubiti il' gubiti
sasvim svejedno je sad
ostati il' nestati
negdje u daleki grad

Jer ja, otkad sam sam
ja ne znam sto donosi dan
novu ljubav i jos jednu bol
 
Ref,
Ne vidim, ja ne vidim
otkada nije mi tu
ali i kad progledam
vidjet cu nju, samo nju

Jer dan, dobar je dan
tek kada se nasmijem ja
Boze, daj mi, da kraj mene sja

Prijatelj si jedini
reci mi kako bez nje
previse sam brinuo
previse dao za nas

A, kad pogresnu znas
i pogresno ljubav ti das
znaj da jednom
ti ostat ces sam","https://tekstovi.net/2,221,5710.html"
JWLKah/6_1_33,Petar Grašo,Petar Grašo,Prije bi umra,18669,"Evo me opet 
di mislin na nas 
nevin ka' dite
a bisan ka' pas 

I zaborav zoven
a staje mi dah
jer posli tebe ostaje 
tek pepel i prah 
 
Ref.
Prije bi umra, umra, umra 
nego ti prizna sve 
prizna da rasula si me
prizna da lud sam bez tebe 

Godine idu, idu, idu 
ja vise nisam svoj 
'ko me je natira na nju 
zivote moj 

Tece nan vrime
ka' pjescani sat 
sritnima brzo 
tuznim nikada stat' 

Ja plovin i tonen 
u isti mah
jer posli tebe ostaje 
tek pepel i prah 

Ref.

K'o pustinja suv
ni vodu, ni kruh 
na putu svon ne vidin ja 
ja gazin svoj put
jos za me ces cut' 
jos do kraja nisan se da ","https://tekstovi.net/2,221,5712.html"
JWLKah/6_1_34,Petar Grašo,Petar Grašo,Prokleto sam,16532,"Svega tvoga, evo se, odricem
odavno drugoj govorim da sam njen
i da se takve kao ti pribole za tren
kupujem ljubav lazima
al' presutim to sto samo Bog zna

Ref. 2x
Nista mi ne znaci k'o ti
molim te, ne placi, kriva si
kriva za svaki dan sta zivim sa njom
a prokleto sam
 
Zivot vraca sve
oko za oko, zub za zub
sada kajes se ti
al' ova bol je preskupa 
da suzama joj vratis dug

Ref.

Ova prevara me kostala zivota
i tvoje suze samo tvoja su sramota
jer si kriva za svaki dan sta zivim sa njom
a prokleto sam","https://tekstovi.net/2,221,20859.html"
JWLKah/6_1_35,Petar Grašo,Petar Grašo,Prosjak ljubavi,24550,"Ja san disperan
ni jednom mistu na tom svitu ja ne pripadan
 bila noc il' dan
meni je pisma ka i vino, od nje ja san pjan

 Mlad i umoran, ja ne znam kako
 ali znan da moran dalje sam
 nosit' ovaj kriz bez mrve kajanja
 al' da se opet rodin isti put bi izabra
 
Ja san disperan
al' mozda vise od zivota ja i ne tribam
 sve sto zelin ja
 je bokun sunca i jedno srce da mu svoje dam

Sam i nevojan i zadnju kapju 
ove duse ne bi zalia
za nju bolova i za nju zivija
al' da se opet rodin isti put bi izabra

Ref.
Ja nisam prosjak ljubavi
al' putem srca ja cu poci
da sricu sebi pronadjem
jer bez nje dalje necu moci

Ja nisam prosjak ljubavi
ali kad se konti zbroje
i kada dodje sve na svoje
vidim da sam sam
izblidija je san, ja san disperan","https://tekstovi.net/2,221,8878.html"
JWLKah/6_1_36,Petar Grašo,Petar Grašo,Sad te se samo rijetko sjetim (feat. Arsen Dedic),91939,"Uvijek tako pocinje, polja cvatu
cuvaj tamne bisere na svom vratu
prva si rekla ti ""s tobom cu stajati""
i kada bogovi dignu glas
prva si rekla ti ""to mora trajati""
jednom davno smo imali nas
 
Ref.
Sad te se samo rijetko sjetim
prolaze dani, vrijeme leti
kako se poruse sni 
a isto smo sanjali

Sad te se samo rijetko sjetim
gdje li si zimi, gdje si ljeti
vec je hladno, ruke mi zgrij

Uvijek sve zavrsava blize bolu
mrvice od ljubavi na tvom stolu
jednom si rekla ti ""zbogom, oprosti mi""
i sve je nestalo ko za cas
jednom si rekla ti ""ne znam se kajati""
jednom davno smo imali nas

Ref.

Vec je hladno, moje slabe ruke zgrij 

Ref.

Vec je hladno ruke mi zgrij
uvijek sve zavrsava 
blize bolu 
blize bolu","https://tekstovi.net/2,221,2695.html"
JWLKah/6_1_37,Petar Grašo,Petar Grašo,Sporke rici,29582,"Sidi da ti kazen sve
za sve puste godine
za sve ono sta san ja
davno skupija, tu u grudima

Stalno nanosis mi bol
valjda to je nacin tvoj
svaka nasa vecera 
ima okus nemira ka' i poslidnja
vrag nek me odnija 
sta sam sve podnija ja
 
Ref.
Sporke rici svaki dan
casu bisa priliva
ne triba mi to
ne triba mi to, ne triba mi to

Sporke rici svaki dan
casu bisa prilivan
more tuge, suza sto 
od nas ostalo, od nas ostalo
a ne triba mi to

Da bar nisam s tobom tu
samo pljucan prasinu
da je srce isprati 
s' malo ciste jubavi
sta isporkala si ti
vrag nek me odnija
sta sam sve podnija ja

Ref.

Sidi da ti kazen sve
za sve puste godine
za sve ono sta san ja
davno skupija, tu u svojim grudima

Ref.","https://tekstovi.net/2,221,5773.html"
JWLKah/6_1_38,Petar Grašo,Petar Grašo,Srce za vodica (feat. Hana Huljic),10563,"Sto sam sve propustio
dok te nisam vidio
oci sam otvorio i odmah znao

Jedan na jedan, to smo ja i ti
sad se ne bojim ti reci ni priznati
makar mi nije to lako
 
Ref.
Ja uzimam srce za vodica
ne pitaj, znam da smo srodna bica
to ljubav je sto se rijetko vidja
i to je nasa prica

Da l' je sve to istina
bojim se bit' radostan
nada se izgubila odavno, odavno

Al' nekad nebesa znaju mijenjati svoj plan
andjeo cuvar je dovoljan jedan
da zivot na drukcije gledam

Ref. 2x","https://tekstovi.net/2,221,51661.html"
JWLKah/6_1_39,Petar Grašo,Petar Grašo,Sta je tribalo mi to,22444,"Kad ugrize nas zub 
od vrimena i pomuti sjaj
znam da nije svak' 
pametan i jak
kad se cuti kraj

Al' kako mozes ic' 
i priko svega pric'
bez da pustis glas
i prigorit sve lipe godine
sta su iza nas
 
Ref.
Sta je tribalo mi to
da te jubin toliko
i da dicjin ocima
ovu jubav gledan ja

Sta je tribalo mi to
da te jubin toliko
ja san triba prije znat'
da se ne smin cili dat'
ni u jude virovat'

Da sam bestija
dno od covika
lakse bilo bi jer proda' 
bi i cast za lazi i za strast
i bija bi ka' ti

Ref.","https://tekstovi.net/2,221,5774.html"
JWLKah/6_1_40,Petar Grašo,Petar Grašo,Sta ti je svit,33724,"Sve lipe sate
provela mi dusa s tvojon
zivila za te
polili je ladnon vodon

Sta ti je svit
ne daju mi s tobom bit'
zivot moga' bi bit' lip
al' ima dana za umrit'
 
Sve zelje moje
zive isprid tvojih vrata
'di smo nas dvoje
sta je ostalo od zlata

Sta ti je svit
ne daju mi s tobon bit'
zivot moga' bi bit' lip
al' ima dana za umrit'","https://tekstovi.net/2,221,14568.html"
JWLKah/6_1_41,Petar Grašo,Petar Grašo,Sto je to od mene ostalo (duet Doris Dragovic),47767,"Da je srce list duhana
pepeo i tama
da se zivo spalilo
i ne vrijedi da to znam
covjek kriv je sebi sam
sto je to od mene ostalo
 
Da ja ne vidim ni sjen
i nijednu zenu
pored zdravih ociju
i ne vrijedi da to znam
ja sam tobom zacaran
i sto je to, to od mene ostalo

Vidis i ti, sto i ja
da mi zivot propada
vidis i ti, sto i ja
zivot moj ti pripada
sto je to, to od mene ostalo","https://tekstovi.net/2,221,5777.html"
JWLKah/6_1_42,Petar Grašo,Petar Grašo,Sve nas manje ima tu,26861,"Ako je volit bija grih
ja svoju kaznu sam platija
sve svoje dugove mu vratija
ka' lancun ja sam cist
i nek me judi ostave

Nad mojim suzama nek gustaju
nek' konci tuge me ne pustaju
nek' ne znan sta je smih
ako je volit bija grih
 
Ref.
Godinu po godinu
sve nas manje ima tu
i sve prazniji je sto
a cipa bol, a cipa bol

Pa se oci napune
kad ih tudje ne vide
i samoca zapriti
a falis ti, a falis ti
sve nas manje ima tu
godinu po godinu

Otvori dusu jubavi
da cujem jeku svoga imena
jer nema neba, nema vrimena
sto jude rastavi 
jer jubav uvik nastavi

Ref.","https://tekstovi.net/2,221,5776.html"
JWLKah/6_1_43,Petar Grašo,Petar Grašo,Trebam nekoga,83085,"Vracam ti se opet, Boze moj
da pokazes mi put
jer si jedini sto zna
da stjeran sam u kut

Nekog trebam ja trebam nekoga
nek prestane boljeti
nekog trebam ja trebam nekoga
ko ce me voljeti ja trebam nekoga
 
Ref.
Jer sam ja ko i svi
samo jedna dusa malena, uboga
i ja trebam nekog da me zagrli, utjesi
jer bez ljubavi i moje srce vene
ja trebam nekoga da bude kraj mene

Ja ne mogu vise, Boze moj
tu samocu podnijeti
kad bi mog'o novi dan
malo sunca donijeti","https://tekstovi.net/2,221,9140.html"
JWLKah/6_1_44,Petar Grašo,Petar Grašo,Utorak,151333,"Pred tebe razlit' cu svoju bol
k'o crno vino na bijeli stol
jos nosim onaj trag
sto boli al' je drag
a tebe nema i nema te

Prolazi jos jedan utorak
sve ide, znam
moram biti jak
al' cuvam jastuk nas
tek ako zalutas
a tebe nema i nema te

Ref.
I sve dok zivim
i dok imam glas
ja plakat' cu za nas
to me zivot okuje

I sve dok zivim
i dok imam glas
ja plakat' cu za nas
Boze daj da budem jak
da mi prodje utorak

Zivim k'o vuk 
ponosan i sam
ne znam za bol 
ljubav niti sram

Al' cuvam jastuk nas
tek ako zalutas
a tebe nema i nema te 

Ref. 2x","https://tekstovi.net/2,221,2694.html"
JWLKah/6_1_45,Petar Grašo,Petar Grašo,Uvik isti,24107,"Nisan uvik bija
dobar za se
lipe bukune
drugima bi pustija

Al' nikad nisam minja
bandiru ni boje
samo prid ocem
ja bi glavu spustija
 
(I nek' sam)
Arcija i bancija
al' da mi srce sutra stane
blagoslovija bi sve te dane

Ref.
Ostat cu uvik isti
nikad se necu minjat
ostat cu uvik isti
u to se ne smi dirat

Kad budem ima dite
dispet ce isti imat
i ja san ka moj stari
ne dam se, ne dam minjat

A ovde vride stara pravila
i tu se dobro zna
il' imas dusu
il' si nula od covika

Ja nemam voje
nedosta dobre voje
kad oko srca
vec se skupja ruzina

I uvik prvi pate
neki dobri ljudi
i ti se pitas
zasto Bog ih uzima

Ref. 2x","https://tekstovi.net/2,221,45358.html"
JWLKah/6_1_46,Petar Grašo,Petar Grašo,Vera od suvog zlata,57642,"Idem doma jer kasni je sat 
ona me ceka sva topla, sva meka 
da ne more spat' 
ja ljubin sve tise 
jer nista joj vise 
ja ne mogu dat' 
 
Nesto me gusi 
lezi na dusi 

Zna i ona da me je sram 
sta kraj nje san lega 
ramenima slega 
jer ne znam ni sam 
sta da joj kazen 
bez da joj lazen 
i tugu joj dan 

Nesto me gusi 
lezi na dusi 

Ja san volija nju 
duson i tilon 
sad se moran Sveton vodon 
polit' prid njon i sviton 

Ja san volija nju 
al' zatvaran vrata 
za ljubav falsu san da 
veru od suvog zlata 

Suti ona, sutin i ja 
i vec smo dugo 
jedno kraj drugog 
ka' noc i dan 
i nije mi lako zivit' ovako 
i bit' normalan","https://tekstovi.net/2,221,2489.html"
JWLKah/6_1_47,Petar Grašo,Petar Grašo,Voli me,21681,"Ko pamti sve sve noci te
mamurluke i sjaj i godine lude
kroz svaki stih disem za njih
za moju mladost i za moje ljude

Ne nosim sat, sve more stat'
i sta se mene tice sta bude bice
srce se daje dok traje, traje
samo nam 'jubav ostaje
 
Ref.
Voli me, jer sam takvi kakvi jesam
voli me, lipo je lipo bit' za nekog vezan
voli me, jer sam takvi kakvi jesam
svaki je drugi za te covik pogresan

Ne nosim sat, sve more stat'
i da se opet rodim isto bi tija
s tobom se smija, sa drustvom pija
bija bi covik ka' sta sam bija

Ref.","https://tekstovi.net/2,221,58073.html"
JWLKah/6_1_48,Petar Grašo,Petar Grašo,Volim i postojim,138426,"Hej, ljubavi
zagrli me zagrli
nek' nitko nas nikada
ne razdvoji

Svaki dan, svaki sat
novi ljudi, novi rat
jednog dana zbog njih
ce cijela zemlja stat
 
Hej, ljubavi, sad smo ljudi odrasli
i grudi mi bude tvoji pogledi
potresi, nemiri, iza ugla vrebaju
a takvi k'o ti nam uvijek trebaju

Ref.
Zato sto godine prolaze
dvadeseti vijek, zivim po svome 
 i ljubim zauvijek
godine prolaze, nemam nista s tim
volim i postojim

Hej, ljubavi, zasto ne bi ja i ti
daleko od sviju negdje pobjegli
potresi, nemiri, iza ugla vrebaju
a takvi k'o ti nam uvijek trebaju

Ref. 4x","https://tekstovi.net/2,221,4519.html"
JWLKah/6_1_49,Petar Grašo,Petar Grašo,Vrbe,14076,"Dvije su vrbe 
pokraj rijeke tiho plakale
dok su se vlati ovim poljem 
tuzno svijale

Sjecam se Nina 
one jeseni kad si otisla
bio je vjetar, zar ne pamtis
 
Ref.
Tvoja je kosa 
poput grana bila nemirna
posljednje zbogom 
kad si rekla sva u suzama

Sjeti se Nina 
one jeseni kad si otisla
sjeti se vrba pokraj rijeke
pokraj rijeke...

Dvije su vrbe 
pokraj rijeke tiho plakale
dok su se vlati ovim poljem 
tuzno svijale

Sjecam se Nina 
one jeseni kad si otisla
bio je vjetar, zar ne pamtis
zar ne pamtis

Ref.","https://tekstovi.net/2,221,5775.html"
