Song_ID,Artist,Artist_diskografija,Song_tekstovinet,Views_tekstovinet,Lyrics_tekstovinet,Url_tekstovinet,Writer_lyricstranslate,Song_lyricstranslate,EngTitle_lyricstranslate,Album_lyricstranslate,Lyrics_lyricstranslate,EngLyrics_lyricstranslate,Url_lyricstranslate
8OmGRJSa_1_0,Danijela Martinović,Danijela Martinović,"Ajde, odmori",22075,"Skini tijesne cipele i na srcu zuljeve
sakrij kartu osobnu da ti ime ne znaju
tvoje oci te tako posebne
kao necije rijeci posljednje

Ne treba ti kod mene pojas za spasavanje
vezat cu te osmijehom, a ti mene pogledom
tvoje oci te tako posebne
kao necije rijeci posljednje

Ref.
Ajde, ajde, odmori, nekom drugom govori
kome treba istina kad te voli kao ja
ajde, ajde, odmori, nekom drugom govori
pusti, neka ide sve samo od sebe","https://tekstovi.net/2,253,16319.html",,'Ajde odmori,"Come, Take A Rest",To malo ljubavi,"Skini tijesne cipele i na srcu žuljeve
Sakrij kartu osobnu da ti ime ne znaju
Tvoje oči te tako posebne
Kao nečije riječi posljednje. Ne treba ti kod mene pojas za spašavanje
Vezat ću te osmijehom, a ti mene pogledom
Tvoje oči te tako posebne
Kao nečije riječi posljednje. Ajde, ajde odmori
Nekom drugom govori
Kome treba istina
Kad te voli kao ja. Ajde, ajde odmori
Nekom drugom govori
Pusti neka ide sve
Samo od sebe","Take off your tight shoes and the blisters ooff your heart
Hide your ID so they wouldn't know your name
Your eyes, those eyes so special
Like they were someone's last words. You don't need a life belt when it comes to me
I'll bind you with a smile, and you'll bind me with a glance
Your eyes, those eyes so special
Like they were someone's last words. Come, come, take a rest
Speak to someone else
Who needs the truth?
When on loves you like I do. Come, come, take a rest
Speak to someone else
Let go of everything
May it take care of itself.",https://lyricstranslate.com/en/ajde-odmori-come-take-rest.html
8OmGRJSa_1_1,Danijela Martinović,Danijela Martinović,Ako nije kasno,19381,"Samo jednom nebo cvijeta 
kad se raduje a sve 
druge strane svijeta 
ja ne poznajem 
jer kad gore pogledam 
me nesto prikuje 
nebo slici tebi isto je 
 
Mahovina odavno mi zavarala put 
al ljubav ne priznaje ni strah, ni uzalud 
ako nismo odmakli daleko od sebe 
dodji, ma koliko tesko je 

Ref. 2x
Ako nije kasno za nas oboje 
samo dodji ja na sve pristajem 
ako nije moglo biti drukcije 
neka bude kako bilo je 

Mahovina odavno mi zavarala put 
al ljubav ne priznaje ni strah, ni uzalud 
ako nismo odmakli daleko od sebe 
dodji, ma koliko tesko je 

Ref. 2x","https://tekstovi.net/2,253,3830.html",,Ako nije kasno,If It's Not Late,To malo ljubavi,"Samo jednom nebo cvjeta
1
kad se raduje, a sve
druge strane svijeta
ja ne poznajem
jer kad gore pogledam
me nešto prikuje
nebo sliči tebi, isto je. Mahovina odavno mi zavarala put
a ljubav ne priznaje ni strah, ni uzalud
ako nismo odmakli daleko od sebe
dođi, ma koliko teško je. Ako nije kasno za nas oboje
samo dođi, ja na sve pristajem
ako nije moglo biti drukčije
neka bude kako bilo je. Mahovina odavno mi zavarala put
a ljubav ne priznaje ni strah, ni uzalud
ako nismo odmakli daleko od sebe
dođi, ma koliko teško je","The skies flourish only once
When it's full of joy, and all
The other sides of the world are
Not familiar to me
Because, when I look up
Something nails me to it
Skies look like you, they're the same.. Moss disguided my path a long timaeago
But love knows no fear, and it is in vain
If we did not move far from ourselves
Come, how ever hard it may be. If it's not late for the two of us
Just come, I agree to everything
If it couldn't have been different
May it be as it was. Moss disguided my path a long timaeago
But love knows no fear, and it is in vain
If we did not move far from ourselves
Come, how ever hard it may be",https://lyricstranslate.com/en/ako-nije-kasno-if-its-not-late.html
8OmGRJSa_1_2,Danijela Martinović,Danijela Martinović,Bozic svaki dan,13987,"Kad zamirise na snijeg
jutro rosu zamrzne
ja se opet sjetim sveg'
pa mi srce utrne

Nebo sipa snjezni prah
ledi usne, ledi dah
noc je hladna, nema te
a bozic je
 
Ref.
Kad poklope se kazaljke
netko misli na tebe
netko sanja isti san
da je bozic svaki dan

Kad poklope se kazaljke
netko ti se raduje
nekome si potreban
a taj netko, to sam ja

Meni je bozic svaki dan
   meni je bozic kada s tobom sam

Noc k'o da je bosa sulja se
rosa se smrzla u bisere
pokrila je ceste sve
nema te, a bozic je

Ref.","https://tekstovi.net/2,253,28895.html",,,,,,,
8OmGRJSa_1_3,Danijela Martinović,Danijela Martinović,Brodolom,45894,"Votka, martini, more i bikini
o, Boze daj, daj, daj
Boze daj da ovakav bude raj

Njemu je plaza najveca gnjavaza 
ima dubok dzep, ima brod 
bas je lijep, lijep k'o Johnny Deep
 
I kaze, ajdemo oko, ajdemo brodom u duboko
joj, je l' to stvarno brodic tvoj

Ref.
Amore mio, ja moram ti reci
 o, da je bar malo 
bar malo ti veci, to bi bilo to 
al' nije Miki ni pola toliki za more duboko 

Amore mio, ja moram ti reci
 o, da je samo malo
bar malo ti veci to bi bio lom
tako mi svega kad sjedem na njega
 to bit ce brodolom

O joj, joj, joj, bas je mali brodic tvoj

Ja nisam kriva sto teska sam naiva
al' to stvarno nije neman 
sto spreman je na sve
 jugo, buru, valove

Mom kapetanu, brod ima jednu manu
on naginje u stranu i stalno mijenja smjer
 malo gas, malo ler

Ma ajde oko ne mozes s njim u duboko
joj, joj, joj

Ref. 2x","https://tekstovi.net/2,253,34314.html",,Brodolom,Shipwreck,,"Votka, martini, more i bikini
1
o, Bože daj, daj, daj
Bože daj da ovakav bude raj.. Njemu je plaža najveća gnjavaža
ima dubok džep, ima brod
baš je lijep, lijep ko Johnny Depp.. I kaže, ajdemo oko,
ajdemo brodom u duboko
joj, jel to stvarno brodić tvoj.. REF.
Amore mio, ja moram ti reći
o, da je bar malo
bar malo ti veći, to bi bilo to
al' nije Miki ni pola
toliki za more duboko .
-
Amore mio, ja moram ti reći
o, da je samo malo
bar malo ti veći to bi bio lom
tako mi svega kad sjedem na njega
to bit će brodolom.
-
O joj, joj, joj,
baš je mali brodić tvoj
Ja nisam kriva što teža sam naiva
al' to stvarno nije neman
što spreman je na sve
jugo, buru, valove. Mom kapetanu, brod ima jednu manu
on naginje u stranu i stalno mijenja smjer
malo gas, malo ler. Ma ajde oko ne možeš s njim u duboko
joj, joj, joj...","Vodka, martini, the sea and bikini
Oh God, please, please, please
God, let heaven be like this. To him the beach just a hassle
He's got deep pockets, he's got a boat
He looks great, great as Johnny Depp.. He says, let's go honey
Let's go into the deep in my boat.
Wow, is that really your boat?. REF:
Amore mio, I have to tell you
If only it was a little
A little bit bigger, that would be OK
But it isn't Miki, not even half
Big enough for the deep sea. Amore mio, I have to tell you
If only it was a little
A little bit bigger, that would be a crack
So help me, if I sat on it
It will be a shipwreck. Oh, oh, oh, oh,
Your boat is so small. It’s not my fault for being so naive
But that really isn't a monster
that’s ready for anything…
wind, storm, waves.. My captain, the ship has a flaw
It leans to one side and keeps changing direction
A little throttle, a little neutral. C'mon baby, you can't go deep with that
Oh, oh, oh...",https://lyricstranslate.com/en/brodolom-shipwreck.html-2
8OmGRJSa_1_4,Danijela Martinović,Danijela Martinović,Cappuccino,22550,"Cappuccino i dupla loza
prva, druga i sve je roza
voza nas voza, grije nas grije 

Ma kakav Rim, Dubai ni Hvar
ma nema takvoga mjesta
gdje bolja je festa
dar-mar, u glavi kvar
skupi se klapa iz kvarta 
u pet-sest kvadrata
 
I svi, svi pjevaju na glas 
jedno srce, a desetero nas
jer spas i lijek za stres 
je urnebes

Ref.
Cappuccino i dupla loza
prva, druga i sve je roza
voza nas voza, grije nas grije 
e, dobro li je

Cappuccino i dupla loza
kad je kriza ili nervoza
voza nas voza, grije nas grije
nema bolje terapije

Ne treba mi glamur i sjaj
ne trebam Gucci po kuci
ni Pradu po gradu, ma daj
taj osjecaj
klapa kad bane kod mene
ma, to nema cijene

I svi, svi pjevaju na glas 
jedno srce, a desetero nas
jer spas i lijek za stres 
je urnebes

Ref.

I svi, svi pjevaju na glas 
jedno srce, a desetero nas
jer spas i lijek za stres 
je urnebes

Ref.","https://tekstovi.net/2,253,39988.html",,,,,,,
8OmGRJSa_1_5,Danijela Martinović,Danijela Martinović,Cekala sam kao zena,19876,"Dusa nikom se ne govori
ona samo plane, dogori
a kad covjek sebe pregori
ide dalje jaci, najjaci
ja jos vjerujem u nju
ja jos vjerujem u nju
 
Ref.
Cekala sam kao zena 
kao zena zaljubljena na te ja
cekala sam dugo cekala 
samu sebe sam izgubila

Dizala me na stol pjesma 
dusa mi je bila tijesna, pretijesna
noc i dan sam tebe trazila 
samu sebe sam izgubila","https://tekstovi.net/2,253,16320.html",,Čekala sam kao žena,I Waited Like A Woman,To malo ljubavi,"Duša nikom se ne govori
Ona samo plane, dogori
A kad čovjek sebe pregori
Ide dalje jači najjači. Ja još vjerujem u nju
Ja još vjerujem u nju. Čekala sam kao žena, kao žena zaljubljena na te ja
Čekala sam, dugo čekala, samu sebe sam izgubila
Dizala me na stol pjesma, duša mi je bila tijesna pretijesna
Noć i dan sam tebe tražila, samu sebe sam izgubila. Noć i dan sam tebe tražila, samu sebe sam izgubila","You don't tell your soul to anyone
It just bursts into flames, burns down
And once a man gets over himself
He goes on stronger, the strongest. I still believe in it
I still believe in it. I waited like a woman, like a woman in love on you
I waited, waited for a long time, lost myself
Song lifted me up on the table, my soul was tight, too tight
I looked for you day and night, I lost myself. I looked for you day and night, I lost myself",https://lyricstranslate.com/en/%C4%8Dekala-sam-kao-%C5%BEena-i-waited-woman.html
8OmGRJSa_1_6,Danijela Martinović,Danijela Martinović,Covjek bez adrese,903,"Ja imam pravo znati gdje si sad
jedna u nizu mojih zabluda
da u ruci drzim sve 
tako lakse je

I nikad nisam znala tebi reci ne
pod tepih guram sve te godine
a ruke pune prasine
jos su tu za tebe
 
Ref.
Ako te jednom put donese
kad izblijede sve adrese
nasa kuca ima isti broj

Samo dodji, gdjegod da si
samo dodji, pa me spasi
od tisine srce ne cujem

Ne, nisam ja nikud otisla 
spavam sa otvorenim vratima

Opet cu naci osmijeh izgubljene boje
pokisle tresnje, stol za dvoje
ni tuge, ni ljubomore
da nas nikad ne razdvoje

Ref. 2x

Ne, nisam ja nikud otisla
spavam sa otvorenim vratima
spavam sa otvorenim vratima","https://tekstovi.net/2,253,63087.html",,,,,,,
8OmGRJSa_1_7,Danijela Martinović,Danijela Martinović,Da je sladje zaspati,137062,"O da si barem tu
pred mojim vratima
pa da mi pozvonis 
u ranim satima

E da smo ostali mi skupa
gdje bi nam, duso, bio kraj
i ptice letjele bi nam u zagrljaj
 
O da si mi u sobi kada zahladi
da mi doneses dorucak od ljubavi
pa da mi tvoje usne snene
na topli kruh zamirisu
u jutro puno bure da me miluju

Ref.
Ide mi u zivotu, ide mi
ali mi fali ono malo ljubavi
ali mi fali korak tvoj
da u stopu prati moj
gdje si ti da je sladje zaspati","https://tekstovi.net/2,253,4862.html",,Ide mi (da je slađe zaspati),It's going well (so it's sweeter to fall asleep),To malo ljubavi,"O da si barem tu
1
pred mojim vratima
pa da mi pozvoniš
u ranim satima. E da smo ostali mi skupa
gdje bi nam, dušo, bio kraj
i ptice letjele bi nam u zagrljaj. O da si mi u sobi kada zahladi
da mi doneseš doručak od ljubavi
pa da mi tvoje usne snene
na topli kruh zamirišu
u jutro puno bure da me miluju. Ref.
Ide mi u životu, ide mi
ali mi fali ono malo ljubavi
ali mi fali korak tvoj
da u stopu prati moj
gdje si ti da je slađe zaspati","Oh, if you were at least here
in front of my door
and ring my doorbell
in the early hours. Eh, if we stayed together
dear, where it would be the end for us
and the birds would fly into our embrace. Oh, only if you were in my room when it gets cold
if you bring my breakfast out of love
and then your sleepy lips
smell like warm bread
and to caress me in the morning with a lot of powder. It's going well in life, it's going well
but I'm missing a little bit of love
but I'm missing your footstep
to follow my feet
where are you so it can be sweeter for me to fall asleep",https://lyricstranslate.com/en/node/733996
8OmGRJSa_1_8,Danijela Martinović,Danijela Martinović,Danijela casti,4730,"Ja vise nemam nista
ni sutra, niti danas
praznog srca, mirne duse
ti stavljas tocku na nas

Al' do'ce sve na svoje
i tuga je za ljude
sad mi treba samo pjesma
a sutra kako bude
 
Ref. 2x
    Zato idi, idi samo
bilo s kime, bilo kamo
nocas necu zaplakati
ima dana da se pati

Tamburasi oko stola
svirajte mi jace
da ne cuje niko 
kako dusa place

Htjela sam ja sa tobom
po suncu i po kisi
tek sad vidim ti si rodjen
da budes samo bivsi

      Ref.

Ee, jos ce jedna tura pasti
ee, Danijela casti 

      Ref.

Da ne cuje niko, niko 
kako dusa place","https://tekstovi.net/2,253,40915.html",,,,,,,
8OmGRJSa_1_9,Danijela Martinović,Danijela Martinović,"Danima, godinama, satima",28869,"Danima, godinama, satima, zimama
dajem odavna tvoje ime ja
danima, godinama, satima, nocima
trazim korak tvoj da doprati moj

Gostima sto ih nosi nedjelja
otvaram sirom vrata ja, srce nikada
postelja jos je topla ostala
navika postavila stol, tanjur tvoj i moj
jastuk tvoj i moj
 
Ref.
Ima li mene malo tu
mene malo tu, jednu mrvicu
tebi na srcu
zna li noc da si meni dan
da si meni dan
i da ne spavam
zasto moras mi ulazit' u san
","https://tekstovi.net/2,253,6472.html",,,,,,,
8OmGRJSa_1_10,Danijela Martinović,Danijela Martinović,Dezuraj,3927,"Ja sam o tebi ovisnica najveca
i nista nije novo to
prosli smo dobro i zlo

U cemu je stvar
zasto se svadjamo
i zasto pravis dar-mar
 
Ti sa mnom zivis bogovski
i kao grof
uvijek smo bili bok uz bok

Tako sam mislila bar
u cemu je stvar
u meni ili u tebi
reci mi bar

Ref.
Dezuraj nocu, dezuraj nocu
danju moras tu bit'
u ovom stanju mogu svasta napravit'
mogu svasta napravit'

Donesi vino, donesi vino
da se opustimo
kao u romanu, malo rata, malo mir
noc je kao stvorena
da se s tobom pomirim

Savjest je ludoj glavi
saptac razuma
samo tebi nije
ti se budis bez kajanja

I pitam se ja
sa kim sam to do jucer jos
jela, spavala

Ref.

Ref.

Malo rata, malo mir
noc je kao stvorena
da se s tobom pomirim","https://tekstovi.net/2,253,49022.html",,,,,,,
8OmGRJSa_1_11,Danijela Martinović,Danijela Martinović,Dobro je,19967,"Svaki put kad pitas za mene
srce mi na sekund stane
pa mi sve od ruke krene, hej
dobro je, dobro je

Ref.
Moja ljubav krila dobije
neka je, neka je
poc' cu pjeske pola svijeta ja
kad znam da sam ti u mislima
 
Kad mi mahnes iz daleka
znam sto sutra mene ceka
po jutru se dani poznaju
a po tebi moji mirisu

Svaki put kad pitas za mene
srce mi na sekund stane

Ref.","https://tekstovi.net/2,253,9709.html",,Dobro je,It's OK,To malo ljubavi,"Svaki put kad pitaš za mene
Srce mi na sekund stane. Vani sve od ruke krene, hej
Dobro je, dobro je
Moja ljubav krila dobije
Neka je, neka je
Poć ću pješke pola svijeta ja
Kad znam da sam ti u mislima. Kad mi mahneš iz daleka
Znam što sutra mene čeka. Po jutru se dani poznaju
A po tebi moji mirišu. Svaki put kad pitaš za mene
Srce mi na sekund stane. Moja ljubav krila dobije
Neka je, neka je
Poć ću pješke pola svijeta ja
Kad znam da sam ti u mislima","Each time you ask about me
My heart stops for a second. Outside everything goes great, hey
It's OK, it's OK
My love gets wings
Let it be, let it be
I'll cross half the world on foot
Just knowing I'm in your thoughts. When you wave at me from afar
I know what awaits me tomorrow. Morning tells us what the day will be like
And my mornings smell of you. Each time you ask about me
My heart stops for a second. My love gets wings
Let it be, let it be
I'll cross half the world on foot
Just knowing I'm in your thoughts",https://lyricstranslate.com/en/dobro-je-its-ok.html
8OmGRJSa_1_12,Danijela Martinović,Danijela Martinović,Dozivotna robija,5375,"Ti si taj sto mi srce krade 
ostavi malo lazne nade bar
da nismo propala stvar
znas li da ti si taj
 sto adrese mjenja

Kome jos uzalud krevet spremam 
stranac sto kraj mene prespava
pitam se tko je ta
stjena s kojom zivim covjek taj
kojeg za sve krivim podstanar
 sto ko ja se preziva

Ref.
Niti traga niti glasa s lica zemlje nestao
bez tebe mi nema spasa a ti u zemlju propao
niti traga niti glasa tjeralice saljite
nadjite ga bilo gdje vratite ga vratite
svaki dan je bez njega, dozivotna robija

Ti si taj sto adrese mjenja
kome jos uzalud krevet spremam 
stranac sto kraj mene prespava 
ljubavi dosta je pretesko mi ovo postaje
      taoci smo ti i ja ljubavi i ludila 

Ref. 2x","https://tekstovi.net/2,253,31684.html",,,,,,,
8OmGRJSa_1_13,Danijela Martinović,Danijela Martinović,Dugo se nisam ljubila,18111,"Pusti me drumovi doveli do tebe
u tvome pogledu da pronadjem sebe
da ti srce slusam njezno s tvojih grudi
i da se moje tijelo kraj tvojega budi
gdje si mi, sreco, bio do sada

Ref.
Dugo se nisam ljubila
zena u meni s tobom se probudila
znala sam, negdje iza mene postoji
neko kao ti
 
Dugo se nisam mazila
ali bih bosa i po trnju gazila
sad kada znam da iza mene postoji
neko kao ti

Moja su cekanja urodila plodom
i na kraj svijeta bih posla ja sa tobom
jer samo pravu ljubav krasi kvaliteta
sve sto mi radis godi, nista mi ne smeta
gdje si mi, sreco, bio do sada

Ref.","https://tekstovi.net/2,253,13102.html",,,,,,,
8OmGRJSa_1_14,Danijela Martinović,Danijela Martinović,E da sam znala,9054,"Probala sam sve da te zaboravim
i apsolutno od tebe se oporavim
ali ne ide mi, ne, uzalud se trudim
jer bez tebe, lopove, nacisto poludim

Da te ne volim, za to dara nemam
i ovaj nered za tobom godinama spremam
ali ne ide mi, ne, uzalud se trudim
jer bez tebe, lopove, nacisto poludim
 
Ref.
E da sam znala nikad ne bi
voljela nekog slicnog tebi
i ovako jako ne bi patila

E da sam znala, ne bi 'vala
prevarantu pripadala
i nebi toliko mom' srcu bio drag
samo da neko vrati vrijeme unatrag

Bez tebe sam k'o ljubavna sirotinja
u dusi pustinja, blijeda i camotinja
ali ne ide mi, ne, uzalud se trudim
jer bez tebe, lopove, nacisto poludim

Ref. 3x","https://tekstovi.net/2,253,30429.html",,,,,,,
8OmGRJSa_1_15,Danijela Martinović,Danijela Martinović,Evo mene,19679,"Ispod Sunca tvog 
moja Dalmacijo 

Morem i zrakom, cestom i vlakom 
po svijetu putujem 
nije mi zivot ni med, ni mlijeko 
ali ne tugujem
 
Srce me vodi k'o kompas ludi
i sanjam onaj dan
da kofere spustim i da se vratim 
tamo gdje pripadam

Ref.
Evo mene, evo izdaleka
tu me moja stara ljubav ceka 
ispod Sunca tvog 
moja Dalmacijo

Evo mene, evo medju moje
ovdje dusa dodje mi na svoje
ispod Sunca tvog
moja Dalmacijo

Nema tog mora, nema tog vjetra
da me zaustavi
moje veselje, snovi i zelje
s tobom su ostali

Ref.

I sve to u srcu nosim
od kada bila sam dijete
kamene kuce i kamen
crkvu i nedjelje svete

Ref.

Ispod Sunca tvog 
moja Dalmacijo","https://tekstovi.net/2,253,26893.html",,,,,,,
8OmGRJSa_1_16,Danijela Martinović,Danijela Martinović,Gdje mi je pamet bila,47904,"Kome da se zalim
kad se izgubljeno vratit ne moze
i nase slike palim
da se bolne uspomene ne vrate

Drugo je vrijeme bilo tad
ti vrlo perspektivan mlad 
a ja ti podlegla
ni sama ne znam gdje i kad
 
Ref. 
Gdje mi je pamet bila
jos se i danas pitam to
jer kada ptica slomi krila
za novi let je prekasno

Gdje mi je pamet bila 
slijepa kraj zdrava oka dva 
fali mi sada dobra vila
da ona stara postala bih ja

Suze mi za tobom
vise nikad nece klizit obrazom
i kunem ti se Bogom
nikad necu spustit pogled pred tobom 

Jedna je ljubav iza nas
a ja jos uvjek trazim spas
i to prezivjet ces 
neki govori mi glas

Ref.","https://tekstovi.net/2,253,7541.html",,Gdje mi je pamet bila,No Title,Oaza,"Kome da se žalim
kad se izgubljeno vratit ne može
i naše slike palim
da se bolne uspomene ne vrate. Drugo je vrijeme bilo tad
ti vrlo perspektivan, mlad
a ja ti podlegla
ni sama ne znam gdje i kad. Gdje mi je pamet bila
još se i danas pitam to
jer kada ptica slomi krila
za novi let je prekasno. Gdje mi je pamet bila
slijepa kraj zdrava oka dva
fali mi sada dobra vila
da ona stara postala bi ja. Suze mi za tobom
više nikad neće klizit obrazom
i kunem ti se Bogom
nikad neću spustit
pogled pred tobom. Jedna je ljubav iza nas
a ja još uvijek tražim spas
i to preživjet ćeš
neki govori mi glas","Whom to comlain
when a return the lost is impossible
i'm burning our pictures
the painful memories not to come back. It was another time then
you were very perspective, young
and I succumbed to your influence (""to you"")
I have no idea how (""where"") and when. Where was my head
I ask myself that till today
because when a bird breaks his wings
it's too late for a new flight. Where was my head
I was blind with two healthy eyes
I miss (need) now a good fairy
to become the old me. My tears for you
will never slide down my cheek
and I swear to God
I'll never drop
my eyes (""my look"") in front of you. A poor love is left after us
and I'm still looking for savation
you'll survive even that
some voice tells me (that)",https://lyricstranslate.com/en/node/135558
8OmGRJSa_1_17,Danijela Martinović,Danijela Martinović,Gladujem,8851,"Sudbina pise na dlanu puteve 
mada te skrivam lice me odaje 
i kad suze oci zamagle 
ja jos trazim dal' si kraj mene 

Ref. 
Gladujem, duse ti se samo napijem 
gladujem, jer me nema pola bez tebe 
bez tebe svi se dani tugom zamijene 
nema te nema kraj mene 
 
Ove su rijeci od srca pisane 
al' nece doci nikada do tebe 
kao cvijece koje umire 
jos u ruci sto je ubere 

Ref. 2x

","https://tekstovi.net/2,253,3711.html",,,,,,,
8OmGRJSa_1_18,Danijela Martinović,Danijela Martinović,Grube rijeci ,25544,"Kad se nemir odluci 
da me napije od sjecanja 
tvoje mi ime uruci 
ko medalju za cekanja 

Pa se vrate kao san 
sve adrese svaki novi stan 
ona mala soba 
najljepse doba u zivotu mom 
zivotu sa tobom 
 
Ref.
Tvoje grube rijeci te 
dusu mi opekle 
pa sad zivim, zivim s tim 
da od tebe ozdravim 

Tvoje grube rijeci te 
dusu mi opekle 
pa sad zivim, zivim s tim 
da zaboravim 
da se pomirim sa svim, pomirim 

Kada nada proviri 
tek u mojim pjesmama 
i u srce zaviri 
cujem korake na vratima 

Pa se vrate kao san 
sve adrese svaki novi stan 
ona mala soba najljepse doba 
u zivotu mom 
zivotu sa tobom 

Ref.
","https://tekstovi.net/2,253,7554.html",,Grube riječi,Harsh Words,,"Kad se nemir odluči
da me napije od sjećanja
tvoje mi ime uruči
ko medalju za čekanja. Pa se vrate kao san
sve adrese svaki novi stan
ona mala soba
najljepše doba u životu mom
životu sa tobom. Ref.
Tvoje grube riječi te
dušu mi opekle
pa sad živim, živim s tim
da od tebe ozdravim. Tvoje grube riječi te
dušu mi opekle
pa sad živim, živim s tim
da zaboravim
da se pomirim sa svim, pomirim. Kada nada proviri
tek u mojim pjesmama
i u srce zaviri
čujem korake na vratima. Pa se vrate kao san
sve adrese svaki novi stan
ona mala soba najljepše doba
u životu mom
životu sa tobom","When discomfort decides
to make me drunk on memories
your name is in my hand
like a medal for waitings. Then, like a dream, come back
all addresses every new place (apartment)
this small room
the best time of my life
life with you. Chorus
Those harsh words of yours
burned my soul
so now I live, live with that
to get cured of you. Those harsh words of yours
burned my soul
so now I live, live with that
to forget
to make my peace with everything, make my peace. When hope appears
just in my songs
and peeps into heart
I hear footsteps at the door. Then, like a dream, come back
all addresses, every new place
that small room the best of times
in my life
in life with you",https://lyricstranslate.com/en/grube-rijeci-harsh-words.html
8OmGRJSa_1_19,Danijela Martinović,Danijela Martinović,Hopa cupa,1664,"Srcu mome i nocu je dan
pa ne spava
puna misli je do pucanja
moja glava

Cinilo se lako
ali sada vise ne znam kako
odoljeti tebi
ja ne mogu nikako
 
Kao riba sam se uplela
ja u mrezu
i polako sam izgubila
ravnotezu

Pristaju mi dobro
tvojih dvadeset i tri
ma dodji mami pile moje
a onda zbogom pameti

Ref.
Budi moj, budi moj, budi moj
od tebe samo jedno zelim
budi moj, budi moj, budi moj
da se opet malo veselim

Budi moj, budi moj, budi moj
od tebe samo jedno hocu
hopa cupa, hopa cupa
i danju, i nocu

Dug na manje ti je godina
sta me snadje
ti si rijetko dobra lovina
nadje sladje

Bog nek mi oprosti
na ovoj karti ludila
na nisu losa vina stara
a mladog bolje udara

Ref.","https://tekstovi.net/2,253,51735.html",,,,,,,
8OmGRJSa_1_20,Danijela Martinović,Danijela Martinović,I po svijetlu i po mraku,13678,"Trebam sobu ja sa pogledom
na lazljive oci tvoje
pa da u njoj dane potrosim
i sve zelje puste moje

Ref.
Mozda dodjes, kad ti dodje
kada sve te jednom prodje
i po svijetlu i po mraku
bar da pozelis noc mi laku
 
Prelazi ti to u naviku
da koracas mi kroz snove
kad te danju nema barem
da nocu saljes blagoslove

Ref.

Kad te danju nema barem
da nocu saljes blagoslove

Ref.

Ref.

Na minutu, na rastanku","https://tekstovi.net/2,253,18803.html",,,,,,,
8OmGRJSa_1_21,Danijela Martinović,Danijela Martinović,Iluzija,12765,"Ref.
Iluzija, ove noci dajte mi
svega osim ljubavi
nocas nema stajanja
ni kajanja

Iluzija, sve u zraku mirise
mirise na gresnike
znam da opasno je to
al' je dobro neopisivo
 
Polumrak i ti, pobjednicki tim
idealna noc da zaboravim
da si samo trik, kvaziljubavnik
i da smo ti i ja tek iluzija

Ref.

Polumrak i ti, pobjednicki tim
sve je spremno za noc bez granica
nocas bicu ja glavna nagrada
prvom sto na tebe podsjeca

Ref.","https://tekstovi.net/2,253,43799.html","Antonija šola, Petar Graso",Iluzija,Illusion,,"Ref.
1
Iluzija,
Ove noći dajte mi
Svega osim ljubavi
Nocaćas ima stajanja
Ni kajanja
Iluzija,
Sve u zraku miriše
Miriše na grešnike
Znam da opasno je to
Al je dobro neopisivo. Polumrak i ti
Pobjednicki tim
Idealna noć
Da zaboravim
Da si samo trik ,
Kvaziljubavnik
I da smo ti i ja
Tek iluzija. Ref.. Polumrak i ti
Pobjednički tim
Sve je spremno za
Noć bez granica
Noćas bit ću ja
Glavna nagrada
Prvo što na
Tebe podsjeća. Ref.","Chorus:
Illusion,
this night give me
everything except love
there's no stopping
or repentance
Illusion,
Everything smells in the air
smell like sinners
I know it's dangerous
But it's good, indescribable. Half darkness and you
dream team
Ideal night
to forget
that you're only a trick,
quasi-lover
and you and I are
only illusion. Chorus. Half darkness and you
dream team
Everything's ready for
night without borders
Tonight I will be
main prize
First what
reminds of you. Chorus",https://lyricstranslate.com/en/iluzija-illusion.html-2
8OmGRJSa_1_22,Danijela Martinović,Danijela Martinović,Izdali me,17327,"I nebo je ponekad tuzno kao i ja
a treba mu tek malo sunca
treba za dobar dan
tako ja nikoga osim tebe ne trebam
tebi od Boga pripadam

Ref.
Izdali me, izdali svi
izdali me, al' nemoj ti
izdali me, izdali svi
samo nemoj, samo nemoj ti, ljubavi
 
Znam, mnogima zivot je igra, caroban san
k'o tepih od sarenih lazi sav izatkan
zato ja nikoga osim tebe ne trebam
tebi od Boga pripadam

Ref.","https://tekstovi.net/2,253,9708.html",,Izdali me,They Betrayed Me,To malo ljubavi,"I nebo je ponekad tužno, kao i ja
A treba mu tek malo sunca, treba za dobar dan
Tako ja, nikoga, osim tebe, ne trebam
Tebi od Boga, pripadam. Izdali me, izdali svi
Izdali me, al' nemoj ti
Izdali me, izdali svi
Samo nemoj, samo nemoj ti
Ljubavi. Znam, mnogima je život igra, čaroban san
Ko' tepih od šarenih laži sav izatkan
Zato ja, nikoga, osim tebe, ne trebam
Tebi od Boga, pripadam. Zato ja, nikoga, osim tebe, ne trebam
Tebi od Boga, pripadam","The sky is sometimes sad, just like me
And all it needs is a bit of sun, it needs it for a nice day
Just like that I don't need anybody but you
To you I belong, by God. They betrayed me, everyone betrayed me
They betrayed me, but you don't
They betrayed me, everyone betrayed me
Just don't, just you don't betray me
My love. I know life is a game to many people, a magical dream
Like a carpet weaved out of coloured lies
That's why I don't need anyone but you
To you I belong, by God. That's why I don't need anyone but you
To you I belong, by God",https://lyricstranslate.com/en/izdali-me-they-betrayed-me.html
8OmGRJSa_1_23,Danijela Martinović,Danijela Martinović,Ja znam,13475,"Rijetko osmijeh prelazi
preko mojih usana
sreca na me ne misli
otisla pa zaspala

U zivotu ko u snu
cesto covjek ne misli
kol'ko nesto trebamo
ne zna dok ne izgubi
 
Ref.
Ja znam, al' mi tesko priznati
da mi duso falis ti
ja znam, da si i ti bez mene
da si i ti bez mene
sam, ko ruke nevine
sam, ko dine pjescane

U zivotu ko u snu
cesto covjek ne misli
kol'ko nesto trebamo
ne zna dok ne izgubi

Ref. 2x

Da si i ti bez mene
da si i ti bez mene
sam, ko ruke nevine
sam, ko dine pjescane","https://tekstovi.net/2,253,18802.html",,,,,,,
8OmGRJSa_1_24,Danijela Martinović,Danijela Martinović,"Ja, ja, ja",18695,"Da pred mene dodje kralj sa slugama
ne bi bilo kraja mojim mukama
sto ce meni dvorac da mi sagrade
kad nema mi od tebe vece nagrade

Da pred mene dodje seik najveci
ni on ne bi mog'o da me usreci
od svih blaga svijeta
sto mi zivot dade
nema mi od tebe vece nagrade
 
Ref.
Ja, ja, ja, ja necu nikoga
hocu samo tebe, tebe jednoga
daj mi, daj da dozivim
da ne volis me, da volis me","https://tekstovi.net/2,253,10752.html",,"Ja,ja,ja","Ja,ja,ja",Pleši sa mnom,"Da pred mene dođe kralj sa slugama
1
Ne bi bilo kraja mojim mukama
Što će meni dvorac da mi sagrade
Kad nema mi od tebe veće nagrade. Da pred mene dođe šeik najveći
Ni on ne bi mogo' da me usreći
Od svih blaga svijeta
Što mi zivot dade
Nema mi od tebe veće nagrade. Ja, ja, ja, ja neću nikoga
Hoću samo tebe, tebe jednoga
Daj mi, daj da doživim
Da me, voliš me, da voliš me","If in front of me came king with (his) servants
that won't be the end of my pain (trouble)
what should I do with castle if someone builds for me
when you are my best reward. If in front of me came the richest sheik
neither he can make me happy
from all treasures of the world
which happens to be part of my life
there is no better reward than you. I, I, I, I dont won't nobody else
I want only you, you only ( unique, the one )
give me, give to experience (that)
not to love me , to love me",https://lyricstranslate.com/en/Jajaja-Jajaja.html
8OmGRJSa_1_25,Danijela Martinović,Danijela Martinović,Jedno te molim,25300,"Varas me namjerno
nije to slucajno
najvise vrijedja sto iza ledja
ljudi su znali to

Ne spustaj poglede
budi musko na tren
znas kako boli kada se voli
i bude prevaren
 
Ref.
Jedno te molim, molim k'o Boga 
da iz zivota izadjes moga 
ne mogu vise zivjeti tako 
bez tebe moram al' ne znam kako

Jedno te molim i nista vise 
kada je ljubis, ljubi je tise
jer k'o da cujem sa kraja grada 
poljupce vase upravo sada

Zena to osjeti 
srce je slutilo
pogledi kazu vise od rijeci
mada se sutilo

Ref. 2x","https://tekstovi.net/2,253,11108.html",,,,,,,
8OmGRJSa_1_26,Danijela Martinović,Danijela Martinović,Jednom se zivi ,20422,"Crno nad bijelom 
sve je na papiru
ni ova ljubav 
ne umire u miru
a dan je los 
i trebam te jos
 
Ti si mi bio 
i sreca, i tuga
ides od mene 
bez imalo duga
a dan je los 
i trebam te jos

Ref.
Jednom se zivi
nek smo zdravi
nek smo zivi
moje srce te ne krivi
oprostilo je sve

Jednom se zivi
nek smo zdravi
nek smo zivi
al kad dodju dani sivi
i noci besane 
kako cu bez tebe

Heeej
kako cu bez tebe
(2x)

Cuvamo ledja 
a i srce ludo
vjerujem opet 
dogodit ce se cudo
a dan je los 
i trebam te jos

Ref.

Heeej
kako cu bez tebe
(2x)

Ref.

Heeej
kako cu bez tebe
(4x)","https://tekstovi.net/2,253,2859.html",,,,,,,
8OmGRJSa_1_27,Danijela Martinović,Danijela Martinović,Jednu za ljubav,3668,"Dobro mi dosli, moji ljudi
ovu vecer dobro dosli svi
lose i dobre dane, sta u zivot stane
sve smo dijelili

A ja, a ja, ja suze krijem 
i zadnji put sa vama pijem
ma neka padaju niz moje lice
to su suze radosnice
daj, daj, daj
 
Ref.
Jednu za ljubav, jednu za bol
jer ova noc je samo nasa 
nek' donesu trista casa za nas stol

Jednu za ljubav, jednu za bol
jer tko zna koliko jos puta
kol'ko sati i minuta ostaje
a srece nikad dosta je

Dobro mi dosli, prijatelji
jedan zivot s vama malo je
ne pita neko ko si, uzme
samo nosi ono najbolje

Ref. 2x","https://tekstovi.net/2,253,50969.html",,Jednu za ljubav,One for Love,,"Dobro mi došli, moji ljudi, ovu večer
1
Dobro došli svi
Loše i dobre dane
Šta u život stane, sve smo dijelili. A ja, a ja..  ja suze krijem
I zadnji put sa vama pijem
Ma neka padaju niz moje lice
To su suze radosnice. Daj, daj, daj,...
Jednu za ljubav..
Jednu za bol
Jer ova noć je samo naša
Nek' donesu trista čaša za naš stol. Jednu za ljubav, jednu za bol..
Jer tko zna,koliko još puta
Kol'ko sati i minuta ostaje
A sreće nikad dosta je.... Dobro mi došli, prijatelji
Jedan život s vama malo je..
Ne pita nebo tko si uzme
Samo nosi ono najbolje. A ja, a ja...  ja suze krijem
I zadnji put sa vama pijem
Ma neka padaju niz moje lice
To su suze radosnice. Daj, daj, daj,...
Jednu za ljubav..
Jednu za bol
Jer ova noć je samo naša
Nek' donesu trista čaša za naš stol. Jednu za ljubav, jednu za bol..
Jer tko zna,koliko još puta
Kol'ko sati i minuta ostaje
A sreće nikad dosta je.... Jednu za ljubav..
Jednu za bol. Jednu za ljubav, jednu za bol..
Jer tko zna,koliko još puta
Kol'ko sati i minuta ostaje
A sreće nikad dosta je.... Jer tko zna, koliko još puta
Kol'ko sati i minuta ostaje
A sreće nikad dosta je.","Welcome to me, my people, this evening
Welcome everyone
Good and bad days
What fits inside a life, we shared everything. And me, and me.. I hide my tears
And I am drinking with you the last time
Oh, let them fall down my face
Those are tears of joy. Come, come, come...
One for love
One for the pain
Because this night is only ours
Let them bring three hundred glasses to our table. One for love, one for pain...
Because who knows how many more times
How many hours and minutes remains
And there is never enough happiness.... Welcome to me, my friends
One life with you is not enough...
The heaven doesn't care who takes for himself
Just take the best of it all. And me, and me.. I hide my tears
And I am drinking with you the last time
Oh, let them fall down my face
Those are tears of joy. Come, come, come...
One for love
One for the pain
Because this night is only ours
Let them bring three hundred glasses to our table. One for love, one for pain...
Because who knows how many more times
How many hours and minutes remains
And there is never enough happiness.... One for love
One for pain. One for love, one for pain...
Because who knows how many more times
How much hours and minutes remains
And there is never enough happiness.... Because who knows how many more times
How many hours and minutes remains
And there is never enough happiness...",https://lyricstranslate.com/en/jednu-za-ljubav-one-love.html
8OmGRJSa_1_28,Danijela Martinović,Danijela Martinović,Jos te volim,19891,"Hej, da mi je znati gdje si sad
dala bih sve na svijetu, zlato moje
sve nebeske suze padaju
u svakoj kapi vidim oci tvoje

Ne, nikada neces saznati
sto osjecam dok slusam nase ploce
a tu u meni ima prkosa
za sto pedeset godina samoce
ti nisi moj, ti vise nisi moj
 
Ref.
A jos te volim, volim, volim
ne mogu bez tebe, oho
i ti to znas, samo mi se ne vracas
a jos te volim, volim, volim
kao prvog dana, o
i ti to znas, samo mi se ne vracas

","https://tekstovi.net/2,253,13101.html",,Još te volim,I Still Love You,Tvoje i moje godine,"Hej da mi je znat' gdje si sad
dala bih sve na svijetu, zlato moje
sve nebeske suze padaju
u svakoj kapi vidim oči tvoje. Ne, nikad nećeš saznati
što osjećam dok slušam naše ploče
a tu u meni ima prkosa
za sto pedeset godina samoće
ti nisi moj, ne, više nisi moj. [Refren]
A još te volim, volim
ne mogu bez tebe i ti to znaš
samo mi se ne vraćaš
a još te volim, volim, volim
kao prvog dana i ti to znaš
samo mi se ne vraćaš","Hey, I would give everything in the world
To know where you are now, my dear
All heavenly tears are falling
In every drop I see your eyes. No, you will never know
How I feel when I listen to our records
But here there is defiance in me
Solitude for a hundred and fifty years
You aren't mine, you aren't mine anymore. Refren (Chorus)
But I still love you, love you
I can't go on without you and you know that
You just don't come back to me
But I still love you, love you
Like the first day and you know that
You just don't come back to me",https://lyricstranslate.com/en/jos-te-volim-i-still-love-you.html-0
8OmGRJSa_1_29,Danijela Martinović,Danijela Martinović,Kako bi te smantala (duet Delfini),11570,"U istom smo vrticu prve igre ucili
u klupama skolskim dobro se namucili
a u slavne dane studentskoga kraha
zbog tebe mi cesto nestajalo daha

Osjecam se blesavo, zar ti to ne vidis
a mozda je razlog jer se mene stidis
pod istom smo zvijezdom, al' se ne nalazimo
pod hitno se trebamo, izlaz pronalazimo
 
Ref.
Kako bi te smantala sad se stalno pitam
svasta pokusavam na glavu se hitam
da li sam u sansi jos mi nije jasno
s drugima se ljubis mozda je vec kasno

Kako bi te smantala dok predamnom seces
od straha se tresem da mi ne uteces
nabijas mi komplekse glava mi vec puca
al' za tebe maleni moje srce kuca

Osjecam se blesavo, zar ti to ne vidis
a mozda je razlog jer se mene stidis
pod istom smo zvijezdom, al' se ne nalazimo
pod hitno se trebamo, izlaz pronalazimo

Ref.

Kako bi te smantala
kako bi te smantala
kako bi te smantala
kako bi te

Kako bi te smantala sad se stalno pitam
svasta pokusavam na glavu se hitam
kako bi te smantala dok predamnom seces
kako bi te smantala da mi ne uteces
kako bi te, kako bi te smantala","https://tekstovi.net/2,253,22328.html",,,,,,,
8OmGRJSa_1_30,Danijela Martinović,Danijela Martinović,Kao prekjucer,437,"Mogla sam kao od sale
zrak ne disati s tobom
mogla sam neopisivo opisati
to su bile godine
a gdje su sad, a gdje su sad

Mogla sam juriti
vjetru okretati pedale
nizala zvijezde kao parangale
sve je lako kad si mlad
a gdje si sad, a gdje si sad
 
Ref.
To je bilo kao prekjucer
mislili smo da je zivot fer
to je vrijeme sto mi pripada
bilo nam je kao nekada (nikada)

To je bilo kad se letjelo
tako malo nam je trebalo
to je vrijeme sto mi pripada
zato, uzmi sve, sto ti zivot da
ma, uzmi sve, sto ti zivot da

Ref.

Sve je lako kad si mlad
a gdje si sad, a gdje si sad

To je bilo kad se letjelo, (kad se letjelo)
tako malo nam je trebalo
to je vrijeme sto mi pripada
zato, uzmi sve, sto ti zivot da
ma, uzmi sve, sto ti zivot da","https://tekstovi.net/2,253,63088.html",,Kao prekjučer,Like the Day Before Yesterday,,"Mogla sam ko od šale
1
Zrak ne disat s tobom
Mogla sam neopisivo opisat
To su bile godine
A gdje su sad
A gdje su sad. Mogla sam jurit
Vjetru okretat pedale
Nizala zvijezde kao parangale
Sve je lako kad si mlad
A gdje si sad
A gdje si sad. Refren:
To je bilo kao prekjučer
Mislili smo da je život fer
To je vrijeme što mi pripada
Bilo nam je kao nekada. To je bilo kad se letjelo
Tako nam je malo trebalo
To je vrijeme što mi pripada
Zato uzmi sve što ti život da
Ma uzmi sve, sve što ti život da. Mogla sam jurit
Vjetru okretat pedale
Nizala zvijezde kao parangale
Sve je lako kad si mlad
A gdje si sad
A gdje si sad. Refren:
To je bilo kao prekjučer
Mislili smo da je život fer
To je vrijeme što mi pripada
Bilo nam je kao nikada. To je bilo kad se letjelo
Tako nam je malo trebalo
To je vrijeme što mi pripada
Zato uzmi sve što ti život da
Ma uzmi sve, sve što ti život da. Sve je lako kad si mlad
A gdje si sad
A gdje si sad. Refren:
To je bilo kao prekjučer
Mislili smo da je život fer
To je vrijeme što mi pripada
Bilo nam je kao nekada. To je bilo kad se letjelo
Tako nam je malo trebalo
To je vrijeme što mi pripada
Zato uzmi sve što ti život da
Ma uzmi sve, sve što ti život da","I could have easily
Not breathe air with you
I could have described the indescribable
Those were the years
And where are they now?
And where are they now?. I could have rushed
Turn pedals for the wind
I stringed the stars like a longline
Everything is easy when you're young
And where are you now?
And where are you now?. [Refrain]
It was like days before yesterday
We thought life was fair
That is the time which belongs to me
It was like it used to be for us. It was when there was flying
We needed so little
That is the time which belongs to me
So take all life gives you
Oh, take it all, everything life gives you. I could have rushed
Turn pedals for the wind
I stringed the stars like a longline
Everything is easy when you're young
And where are you now?
And where are you now?. [Refrain]
It was like days before yesterday
We thought life was fair
That is the time which belongs to me
It was like it used to be for us. It was when there was flying
We needed so little
That is the time which belongs to me
So take all life gives you
Oh, take it all, everything life gives you. Everything is easy when you're young
And where are you now?
And where are you now?. [Refrain]
It was like days before yesterday
We thought life was fair
That is the time which belongs to me
It was like it used to be for us. It was when there was flying
We needed so little
That is the time which belongs to me
So take all life gives you
Oh, take it all, everything life gives you",https://lyricstranslate.com/en/kao-prekju%C4%8Der-day-yesterday.html
8OmGRJSa_1_31,Danijela Martinović,Danijela Martinović,Kljuc,6655,"Kljuc na stolu ostavi
i bez mene nastavi
ko bez duse, zgazi sve
i presuti pozdrave

Da l' to suza je za kraj
u oku ko prasina
zadnja kap u zadnji cas
sto je ostala od nas
 
Ref.
Idi, putuj
ljubi sve zivo
ne vracaj se, sretno ti bilo
idi, ljubi
neka te vole
kad sve su ti od mene bolje

Idi, putuj
ljubi sve zivo
ne vracaj se, sretno ti bilo
idi, ljubi
neka te vole, sretnije
od mene bolje

Tu su tvoji otisci
i na dusi oziljci
nema lijekova za to
dozivotna si mi bol

Da l' to suza je za kraj
u oku ko prasina
zadnja kap u zadnji cas
sto je ostala od nas

Ref. 2x","https://tekstovi.net/2,253,31682.html",,,,,,,
8OmGRJSa_1_32,Danijela Martinović,Danijela Martinović,Ko ce tebe mi zaminit,20205,"Ti si bija svitlo, sunce od zivota
ovi zrak sta disem, moja bistra voda
ti si bija sve sto u zivotu tribam
kako dalje zivit' ako tebe nimam

Ref.
Ko ce tebe mi zaminit'
ko ce skratit' moje noci
ako nikad vise necu 
ljubit' tvoje lipe oci
 
Ko ce tebe mi zaminit'
ko ce stat' na misto tvoje
kad jos uvik na te ceka 
ovo bolno srce moje

Ti si bija pisma sta je dusa piva
di su sada prosla ona lipa lita
sva lipota svita nosi tvoje ime
otkad tebe nima, vrime je od zime

Ref.","https://tekstovi.net/2,253,26331.html",,,,,,,
8OmGRJSa_1_33,Danijela Martinović,Danijela Martinović,Kruh i pasteta,8547,"Neko cudno je doba
ne znam koji je vrag
svugdje trka za novcem
a od novca ni trag

U strajku tvornice i skole
iste separole vicu na glas
i kazu ima li nade za nas
 
Tu na jugu je ljeto i produzuju dani
sve su punije plaze i apartmani
to nas cesi i talijanci
opcenito stranci, danima voze
jer ovdje je dobro, nema nervoze

Ref.
Briga nas zivo za ista
najbolje nam je na svijetu
ovdje se ne radi nista
jedemo kruh i pastetu

Briga nas zivo za ista
hvatamo suncanu boju
ovdje se ne radi nista
a zivi ko bubreg u loju

Na TV-u je kaos
svi za nesto se bore
svuda cuje se isto
sve nam je gore i gore

Samo mijenjaju se glave, rumene i zdrave
a iste su price
ma za kruh i pastetu
uvijek nekako bice

Zato ne slusam vise sve te sarene lazi
stavljam TV na tise, ekipa ceka na plazi
izdaleka se cuje stih od poznate stvari
ma nista mi nece ovi dan pokvarit'

Ref.

Pazi, sve vrvi od ljudi i puna je plaza
mrsavih, debelih ljepotica i raza
bugaru, rumuni, ukrajinci i cesi
svoje obroke nose na plazi u kesi

Pa se kupaju, vicu, plivaju i tope
a ja se osjecam ka u srcu Evrope
bevanda se pije i pece se riba
sta vise, sta bolje od zivota triba

Ref.","https://tekstovi.net/2,253,13133.html",,,,,,,
8OmGRJSa_1_34,Danijela Martinović,Danijela Martinović,"Lanci, uzde, okovi",8473,"Kradem malo za sebe
od ove susne godine
kap kise sa tvojih usana sto pjevaju
dok moje ljubav zedjaju

Vezi lancem ptice sve
da nikuda ne polete
jer za njima ce ti dusa tvoja nemirna
a kud bih onda sa svojom ja

Ref.
Lanci, uzde, okovi, da l' bi bili dovoljni
da ti krila saviju pa da meni putuju
nebo, ptice, oblaci, to su tvoji koraci
ljubiti te ne mogu jer odlete, pobjegnu","https://tekstovi.net/2,253,16321.html",,,,,,,
8OmGRJSa_1_35,Danijela Martinović,Danijela Martinović,Ljubav ne odustaje,4462,"Vec sedmi gasi se dan
kisa kroz snove dolazi
netko kog odavno znam
korakom tvojim prolazi
da barem malo zastane
za jedan pogled na mene
 
Ref.
I da ne svane dan
i vrijeme da stane
da zaustavim svijet
sve cet´ri strane
da razmaknem more
oluje smirim sve
nista ne vrijedi kad nema te

Vise nisam ti san
ali daj mi malo nade
bit cu sjena sjenama
da te netko ne ukrade
mozda dogodi nam se
mozda krene nabolje
ljubav ne odustaje
nepobjediva je

Polako trazeci put
osmijeh u srce silazi
netko kog odavno znam
korakom tvojim odlazi
da barem malo zastane
za jedan pogled na mene

Ref. 2x","https://tekstovi.net/2,253,63062.html",,Ljubav ne odustaje,Love doesn't give up,,"Već sedmi gasi se dan
kiša kroz snove dolazi
netko kog odavno znam
korakom tvojim prolazi
da barem malo zastane
za jedan pogled na mene. [Refren]
I da ne svane dan
i vrijeme da stane
da zaustavim svijet
sve četiri strane
da razmaknem more
oluje smirim sve
ništa ne vrijedi kad nema te. Više nisam ti san
ali daj mi malo nade
bit ću sjena sjenama
da te netko ne ukrade
možda dogodi nam se
možda krene nabolje
ljubav ne odustaje
nepobjediva je. Polako tražeći put
osmijeh u srce silazi
netko kog odavno znam
korakom tvojim odlazi
da barem malo zastane
za jedan pogled na mene. [Refren]","The seventh day is coming to an end already
The rain is coming through in my dreams
Someone I've known for a long time
Is passing by in your steps
If only he could stop for a moment
To catch a glimpse of me. Chorus
Even if dawn didn't rise
And time stopped
If I could stop the world
All four directions
If I could part the sea
Calm all storms
It's all for nothing when you're not here. I'm no longer your dream
But give me some hope
I'll be the shadow to shadows
To make sure no one steals you away
Maybe it happens to us
Maybe it gets better
Love doesn't give up
It's unbeatable. Slowly looking for the path
A smile descends into my heart
Someone I've known for a long time
Is leaving in your steps
If only he could stop for a moment
To catch a glimpse of me. Chorus x2",https://lyricstranslate.com/en/ljubav-ne-odustaje-love-doesnt-give.html-0
8OmGRJSa_1_36,Danijela Martinović,Danijela Martinović,Marke nemam,18135,"Ljubav je kao hrana
hrana, hrana 
nije mi jaca strana
strana, strana 

To nije samo poza 
tako me zivot voza 
hvata me nervoza 
a to mi ne treba 
 
Ref. 2x
Marke neman, nemam marke ja 
da ti pisem pisma ljubavna 
kupit, kupit, kupit cu ih ja 
poslat cu ti pozdrav s Jadrana 

Tu i tamo sam tvoja 
tvoja, tvoja 
ali uglavnom svoja 
svoja, svoja 

I kada padam s nogu 
uhvatit me ne mogu 
vjetar ni ljudi ni ti
neznam ljubiti 

To nije samo poza
tako me zivot voza 
hvata me nervoza 
a to mi ne treba

Ref. 4x","https://tekstovi.net/2,253,3684.html",,,,,,,
8OmGRJSa_1_37,Danijela Martinović,Danijela Martinović,Mjesecev sin,8446,"Nije Rudolf Valentino bio, nije bio on
niti bogat niti slavan niti jednoj zeni sklon
ali oci su mu bile kao sile magnetske
njima rezao je srca kao nozem haljine

Mnoge zene su mu krisom strasna pisma pisale
i u groznicu su pale, ime su saputale
al' nijednoj nije nista vise dao osim svog
pogleda od crne svile, crnog oka vatrenog
 
Ref.
Oj, joj, mjesecev sin
za zene varka, pepeo, dim
oj, joj, mjesecev sin
u noci tajno se sastaje s njim

Te su noci njeni snovi kao konji bjezali
njene razdirali grudi sijevali ko macevi
kucala mu je na vrata, ali on ne otvori
kad je usla imala je tada sto i vidjeti

Ref.

I problijedilo je lice ko da pukao je grom
al' uz njega nije bila ona vec je bio on
oci imao je plave kao jutro proljetno
nestalo je bijele boje nebo se zaljuljalo

Ref.

Srce palo joj u vodu, nije znalo plivati
i razderalo joj grudi, htjelo je potonuti
htjela je da po nju dodju crne ptice nebeske
jedne noci, crne noci, jedne noci proljetne 

Ref. 2x","https://tekstovi.net/2,253,16322.html",,,,,,,
8OmGRJSa_1_38,Danijela Martinović,Danijela Martinović,Muko moja,13106,"Sve romane zivot je napisao nam vec
zapamtila nisam niti slovo niti rijec
pa zaboravim da te ne volim
ne dam protiv tebe, ne dam protiv tebe
ne dam protiv tebe nikom pa ni sebi rec

Svaki put kad oci svoje zatvorim ko san
vidim da si sa mnom sretan, vidim da si mlad
pa zaboravim da te ne volim
i sve tvoje mane, i sve tvoje mane 
i sve tvoje lose strane ja zaboravim
 
Ref.
Muko moja, ja, sto cu ja
muko moja, tvoja sam i bez njega
u zivotu sve srce isproba
hoce onog koji nece ga","https://tekstovi.net/2,253,15468.html",,,,,,,
8OmGRJSa_1_39,Danijela Martinović,Danijela Martinović,Na granici (feat. Jole),333,"Mi ovdje nismo ljudi od skandala
pustamo niz dlaku sve
dusa je takva, sve bi tebi dala
nista ne ocekuje

Uvijek smo tamo, negdje izmedju
gdje zivot kocka, igra na srecu
sve pocne mirno, a onda neki lom
ti po svom, ja po svom
 
Ref.
Mi ovdje zivimo
svadjamo se, mirimo
nekako, po navici
zivimo na granici

Taman mislim - dobro je
krenulo je nabolje
uvijek netko prebaci
zivimo, zivimo
zivimo na granici

K´o po nekoj navici
zivimo, zivimo
zivimo na granici

Sadimo ruze, korov raste brze
tako je to oduvijek
kraj vode zedni, povuci-potegni
mi smo neki cudan svijet

Uvijek smo tamo, negdje izmedju
gdje zivot kocka, igra na srecu
sve pocne mirno, a onda neki lom
ti po svom, ja po svom

Ref. 2x","https://tekstovi.net/2,253,64157.html",,Na granici,At the edge,,"Mi ovdje nismo ljudi od skandala, puštamo niz dlaku sve.
1
Duša je takva, sve bi tebi dala, ništa ne očekuje.. Uvijek smo tamo negdje između, gdje život kocka igra na sreću.
Sve počne mirno,onda neki lom
Ti po svom,ja po svom.. Refren
Mi ovdje živimo, svađamo se, mirimo
Nekako po navici, živimo na granici!
Taman mislim, dobro je, krenulo je na bolje
Uvijek neko prebaci, živimo, živimo
Živimo na granici!
Ko po nekoj navici, živimo, živimo
Živimo na granici!. Sadimo ruže, korov raste brže, tako je to oduvijek
Kraj vode žedni, povuci, potegni
Mi smo neki čudan svijet. Refren
Mi ovdje živimo, svađamo se, mirimo
Nekako po navici, živimo na granici!
Taman mislim, dobro je, krenulo je na bolje
Uvijek neko prebaci, živimo, živimo
Živimo na granici!
Ko po nekoj navici, živimo, živimo
Živimo na granici!. Refren
Mi ovdje živimo, svađamo se, mirimo
Nekako po navici, živimo na granici!
Taman mislim, dobro je, krenulo je na bolje
Uvijek neko prebaci, živimo, živimo
Živimo na granici!
Ko po nekoj navici, živimo, živimo
Živimo na granici!","We aren't people of scandals over here, we leave everything in the past
Our soul is like that, it would give you it's all, and wouldn't expect anything in return.
We're always somewhere in the middle, where life is a game of fortune
Everything starts so calm, and suddenly there's a breakdown
You for your own things, i for my own. We live here, fight, make peace
It's a habit, we live on the edge!
Just when i think, everything's fine,
Someone turns the page, we live, live
We live on the edge!
It's a habit,we live, live
We live on the edge!. We plant roses, weed grows faster, it has always been like that
We are thirsty next to water
We are such a strange world. We live here, fight, make peace
It's a habit, we live on the edge!
Just when i think, everything's fine,
Someone turns the page, we live, live
We live on the edge!
It's a habit,we live, live
We live on the edge!. We live here, fight, make peace
It's a habit, we live on the edge!
Just when i think, everything's fine,
Someone turns the page, we live, live
We live on the edge!
It's a habit,we live, live
We live on the edge!",https://lyricstranslate.com/en/na-granici-edge.html
8OmGRJSa_1_40,Danijela Martinović,Danijela Martinović,Na po mi srce zivi,22257,"Nima dana viruj nima
da mi srce nije plamen
jos sam u te zaljubljena
mom' zivotu ti si amen

Ni u snu me nemoj ranit'
nemoj grisit' srce svoje
jos me stare rane lome
ubit' ces me milo moje
 
A da opet dignes jidra
i povedes svoju vilu
ki je s tobom bila sritna
ka prolice u djardinu

Ref.
Na po mi srce zivi
a vrime samo gre
u pol mi zivot vridi
bez tebe, bez tebe

Na po mi srce zivi
na po ce puta stat'
jer ja san samo tebi
svu ljubav htila dat'

Neka pisma samo suti
moja bol su rijeci njene
stihovima ka da cipa
ove lipe uspomene

A da opet dignes jidra
i povedes svoju vilu
ki je s tobom bila sritna
ka prolice u djardinu

Ref.

Ref.

Nima dana viruj nima
da mi srce nije plamen
jos sam u te zaljubljena
mom' zivotu ti si amen","https://tekstovi.net/2,253,23881.html",,Na po' mi srce živi,My heart is half living,,"Nima dana, viruj nima
Da mi srce nije plamen
Još san u te zaljubljena
Mom životu ti si amen. Ni u snu me nemoj ranit
Nemoj grišit srce svoje
Još me stare rane lome
Ubi’ će me, milo moje. A da opet digneš jidra i povedeš svoju vilu
Di je s tobom bila sritna, ka proliće u đardinu. Na po’ mi srce živi, a vrime samo gre
U po’ mi život vridi, bez tebe, bez tebe
Na po mi srce živi, na po će puta stat’
Jer ja sam samo tebi, svu ljubav tila dat’. Neka pisma samo šuti
Moja bol su riči njene
Stihovima ka’ da cipa
One lipe uspomene. A da opet digneš jidra i povedeš svoju vilu
Di je s tobom bila sritna, ka proliće u đardinu. Na po’ mi srce živi, a vrime samo gre
U po’ mi život vridi, bez tebe, bez tebe
Na po mi srce živi, na po će puta stat’
Jer ja sam samo tebi, svu ljubav tila dat’. Nima dana, viruj nima
Da mi srce nije plamen
Još san u te zaljubljena
Mom životu ti si amen","There's no day, believe me there's no day
when my heart is not burning
I'm still in love with you
You're ''amen'' to my life. Don't hurt me even in dream
Don't blunder your heart
Old wounds are still hurting
They'll kill me, my dearest one. What about to lift your sails and take your fairy
there where she was happy with you like a spring in the garden. My heart is half living, and the time is just passing
My life is half worthy without you, without you
My life is half living and it will stop in the half way
Because all my love I wanted to give to you only. Let the song be quiet
Because her lyrics are my pain
It seems that with her lines she tear apart
Those beautiful memories. What about to lift your sails and take your fairy
there where she was happy with you like a spring in the garden. My heart is half living, and the time is just passing
My life is half worthy without you, without you
My life is half living and it will stop in the half way
Because all my love I wanted to give to you only. There's no day, believe me there's no day
when my heart is not burning
I'm still in love with you
You're ''amen'' to my life",https://lyricstranslate.com/en/na-po-mi-srce-zivi-my-heart-half-living.html
8OmGRJSa_1_41,Danijela Martinović,Danijela Martinović,Nada,10135,"Pred nama put i iza nas
kao stari drug, kao pas
k'o sto oblak prati sjena
kao lovac, k'o vjerna zena

Kad odu svi u kasni sat
s nama samo jos vinski brat
prodje ponoc i kisa pada
ona kuca na vrata grada
 
Ref.
Nada, kad je kasni film pri kraju
nada, kad se gosti oprastaju
nada, ulice kad utonu u san
sve gasne samo gori nada

Pred nama put, oko nas mrak
kao putokaz, kao znak
malo svjetlo, dom u planini
glas iz tame, grom u daljini

Ref. 

Nada, zadnja slika, zadnji prizor
nada, kad se gasi televizor
nada, s mukom kada docekamo dan
svi kasne, ali nikad nada","https://tekstovi.net/2,253,25467.html",,,,,,,
8OmGRJSa_1_42,Danijela Martinović,Danijela Martinović,Naivno malo pile,4426,"Jao onoj sto te ljubi
proc ce isto kao ja
tvoje je srce igrac grubi

Ref.
Jao onoj sto te ljubi
sto ne zna i ne osjeca
da s tobom otpocetka gubi
 
I nazdravljam za nju, za nju
sto misli da si taj, da bit ces tu
na postelji od svile
naivno malo pile

Sve ce to ljubavi moja
jednoga dana biti daleko
i tuga i zid to nas dijeli
od kada za te postoji netko

Ti imas gen da unistis lijepo
a ja drzat cu srce s obje ruke
da se ne preda na slijepo

Ref.

Ref.

Sve ce to ljubavi moja
jednoga dana biti daleko","https://tekstovi.net/2,253,45483.html",,Naivno malo pile,Naive little chick,Festival zabavne glazbe - Split 2014,"Jao onoj što te ljubi,
1
proć' će isto kao ja,
tvoje je srce igrač grubi.
Jao onoj što te ljubi,
što ne zna i ne osjeća,
da s tobom od početka gubi. Ref.
I nazdravljam za nju, za nju,
što misli da si taj, da bit ćeš tu
na postelji od svile,
naivno malo pile. Sve će to, ljubavi moja,
jednoga dana biti daleko
I tuga i zid što nas dijeli,
otkad za tebe postoji ne'ko
Ti imaš gen da uništiš lijepo,
a ja držat ću srce s obje ruke,
da se ne preda na slijepo.
Jao onoj sto te ljubi,
proce isto kao ja,
tvoje je srce igrac grubi.. Ref.. Jao onoj što te ljubi,
što ne zna i ne osjeća,
da s tobom od početka gubi. Ref.. Ti imaš gen da uništiš lijepo,
a ja držat ću srce s obje ruke,
da se ne preda na slijepo.
Jao onoj što te ljubi,
što ne zna i ne osjeća,
da s tobom od početka gubi. Ref. x2. Sve će to, ljubavi moja,
jednoga dana biti daleko","Woe to the one who kisses you,
she might me the same as me,
your heart is rough player
Woe to the one who kisses you,
who doesn't know and who doesn't feel
that she's loosing from the beginning. Chorus:
And I toast for her, to her,
who thinks that you are the one, that you'll be here
on the bed of silk,
naive little chick. My love, all of that will
be far one day
And sorrow and wall which is separating us,
since someone exists for you
You have gene to destroy nice things,
and I will hold my heart with both my hands,
not to give up blind
Woe to the one who kisses you,
she might me the same as me,
your heart is rough player. Chorus x1. Woe to the one who kisses you,
who doesn't know and who doesn't feel
that she's loosing from the beginning. Chorus x1. You have gene to destroy nice things,
and I will hold my heart with both my hands,
not to give up blind
Woe to the one who kisses you,
who doesn't know and who doesn't feel
that she's loosing from the beginning. Chorus x2. My love, all of that will
be far one day",https://lyricstranslate.com/en/naivno-malo-pile-naive-little-chick.html
8OmGRJSa_1_43,Danijela Martinović,Danijela Martinović,Najmilija,10960,"Dovedi usne da se dobro zabave
od malo vina puknu niti labave
ne pricaj nista, srce odavno ti zna
da ja sam to sto cekas bezbroj godina

I da sam naj, najmilija
ko Bajadera neodoljiva
naj, najmilija
163 ciste ljubavi
 
Kroz moju kosu ti provuci neki stih
nek ova ljubav bude drukcija od svih
nabaci kaput i na lice osmijeh blag
vodi me putem snova gdje se gubi trag

Tvoja sam naj, najmilija
ko Bajadera neodoljiva
naj, najmilija
163 ciste ljubavi

Zivot je jedan, dani prolaze u cas
ne daj da dobre stvari prodju mimo nas
nabaci kaput i na lice osmijeh blag
vodi me putem snova gdje se gubi trag

Jer ja sam naj, najmilija
ko Bajadera neodoljiva
naj, najmilija
163 ciste ljubavi

Najmilija","https://tekstovi.net/2,253,18574.html",,,,,,,
8OmGRJSa_1_44,Danijela Martinović,Danijela Martinović,Ne gazi po meni,10159,"Skini dan s kaputa ceka topla juha
razgovora jednaka
rijesit cu to s tobom ili reci zbogom
zivot s tobom nije lak

Opipaj mi bilo
sjedni mi krilo
nosis li mi dobar glas
za nas, za nas, za nas
 
Ref. 2x
O ne, ne, ne, ne gazi po meni
od mene ni sjena nece ostati
a moju ljubav ti uzmi ili ostavi

Vrijeme leti, bjezi cipele odvezi
udji bosonog u san
steze me odjelo toplo mi je tijelo
daj da ti se napricam

Mozda tople struje
oko nas prostruje
nosis li mi dobar glas
za nas, za nas, za nas

Ref. 2x

Ref. 2x","https://tekstovi.net/2,253,18801.html",,,,,,,
8OmGRJSa_1_45,Danijela Martinović,Danijela Martinović,Neka mi ne svane,72693,"Jos jedan dan je prosao
jos jednom mjesec dosao
tiho, ko neki dragi gost
da mi do jutra bude most
jer tuga vodi me kroz godine
i krade san dok novi 
ne svane mi dan
 
Ref. 2x
Neka mi ne svane
nek' me nema, nek' me ne bude
neka me bez tebe ne probude

Jos jedan dan je prosao
jos jednom mjesec dosao
tiho, ko neki dragi gost
da mi do jutra bude most
jer tuga bodri me kroz godine
i krade san dok novi 
ne svane mi dan

Ref. 3x","https://tekstovi.net/2,253,6473.html","Remi Kazinoti, Petar Graso, Marina Mudrinic, Vesna Zagar",Neka mi ne svane,May the dawn never come to me,To malo ljubavi,"Još jedan dan je prošao
1
Još jednom mjesec došao.
Tiho, ko' neki dragi gost
Da mi do jutra bude most.
Jer tuga vodi me kroz godine
I krade san, dok novi ne svane mi dan.. Neka mi ne svane
Nek' me nema, nek' me ne bude.
Neka me bez tebe ne probude.
Neka mi ne svane
Nek' me nema, nek' me ne bude.
Neka me bez tebe ne probude.","One more day has passed
Once more the moon appeared on the sky
Silently as some dear guest
To be my bridge to the morning
Because sadness leads me through the years
And steals my sleep, until the new day comes for me.. May the dawn never come to me
May I disappear, may I cease to exist
May they never wake me up without you
May the dawn never come to me
May I disappear, may I cease to exist
May they never wake me up without you",https://lyricstranslate.com/en/neka-mi-ne-svane-may-dawn-never-come-me.html
8OmGRJSa_1_46,Danijela Martinović,Danijela Martinović,Nemam s kime docekati zime ,12246,"Nemam s kime docekati zime 
nemam kome reci da me zove 
preda mnom je kazu, zivot cijeli 
barem sedam nas zivota dijeli 

Ref.
Nemam s kime docekati zime 
nemam kome reci da me zove 
uspomene tek su zelja pusta 
tvoje ime nece preko usta 
 
Nikog nemam da mu kazem hvala 
nemam nikog kog' bi svojim zvala 
prsten nece preko moga prsta 
ko' ni tvoje ime preko mojih usta 

Prsten nece preko moga prsta 
ko' ni tvoje ime preko mojih usta 
preda mnom je kazu zivot cijeli 
barem sedam nas zivota dijeli

Ref.","https://tekstovi.net/2,253,3829.html",,,,,,,
8OmGRJSa_1_47,Danijela Martinović,Danijela Martinović,Oaza,7784,"Beskrajne su pustinje
sto dvoje odvoje
nemas ni ti malo radosti
priznaj mi da umires
od zelje da me dodirnes
dovoljno bi bilo probati
 
Ref.
Budi mi oaza
skrivena u srcu staza
budi mi voda sa izvora
budi moj vjetar u krilima

Izgubila sam se u tebi
ne zelim da me nadju, jer ti
sve tajne znas u dusu o meni
i kako da ti sad oprostim
sto tebi vode putevi svi
sto volis me a neces priznati

Ref. 2x","https://tekstovi.net/2,253,12135.html",,,,,,,
8OmGRJSa_1_48,Danijela Martinović,Danijela Martinović,Oci od safira,11945,"Oci od safira
miluju ko svila

Oci od safira
krila od leptira
ne daju mi mira
 
Ucini po svom
i napravi lom
ubij me njezno 
polako pogledom

Ucini jos taj korak do sna
neka me probudi sjaj 
u tvojim ocima

Oci od safira
miluju ko svila
i ne daju mi mira

Ucini po svom 
i napravi lom
ubij me njezno 
polako pogledom

Ucini jos taj korak do sna
neka me probudi sjaj 
u tvojim ocima
(2x)
","https://tekstovi.net/2,253,15779.html",,,,,,,
8OmGRJSa_1_49,Danijela Martinović,Danijela Martinović,"Odavno, zauvijek",13685,"Bolujem od tebe, duso, ja
samoca prati me
bolujem jer nisam nicija
vec dugo, dugo vrijeme

Bolujem sto za te
 nemam lijek
sto nema te
 a tvoja sam bas zauvijek
 
Bolujem sto nisam umrla
kad sam te vidjela
bolujem jer nisam dovoljno 
za ljubav dobra bila

Bolujem sto za te nemam lijek
sto nema te
 a tvoja sam bas zauvijek
odavno, zauvijek

Ref.
I prodje dan i prodje noc
a uspomene tuku
i prodje smijeh, a nece bol
dok ruka trazi ruku
duboko u oku mom
suza s tvojim okusom

Bolujem jer u srcu je lom
a tuga kucu ne bira 
pa useli u bilo koji dom

Ja bolujem sto za te nemam lijek
sto nema te, a tvoja sam
 bas zauvijek
odavno, zauvijek 

Ref.","https://tekstovi.net/2,253,16691.html",,,,,,,
8OmGRJSa_1_50,Danijela Martinović,Danijela Martinović,Plesi sa mnom,90837,"Imam cetri lose strane
moglo bi se reci da su mane 
ljubim, lazem paralelno
zaljubim se triput dnevno 

Cetvrta je losa strana 
ostavljam te ovih dana 
ima jos koja da ti ne lazem 
ali ove cetri su mi najdraze 
 
Ref.
Plesi sa mnom, takva sam i gotovo 
plesi sa mnom, jos se niko nije otrovo 
plesi, nece noc cjeli zivot trajati 
ma plesi sa mnom
ma dobro cu ti stajati 

Mozes kosu cupati 
mozes prozore polupati 
rekla sam ti istinu o sebi 
i da nisam takva, volio me ne bi 

Mozes imat bilo koju 
al' ti zelis ljubav moju 
znam da sam ti duso neodoljiva 
ali ja bih nocas samo plesala.
plesi sa mnom
","https://tekstovi.net/2,253,3715.html",,Pleši sa mnom,Dance with me,Pleši sa mnom (2001. Croatia Records),"1/
Imam četri loše strane.
Moglo bi se reći da su mane.
Ljubim, lažem paralelno.
Zaljubim se triput dnevno.. Četvrta je loša strana.
Ostavljam te ovih dana.
Ima još koja da ti ne lažem
ali ove četri su mi najdraže.. Ref.:
Pleši sa mnom, takva sam i gotovo!
Pleši sa mnom, još se niko nije otrovo!
Pleši, neće noć cijeli život trajati!
Ma pleši sa mnom!
Ma dobro ću ti stajati!. 2/
Mozes kosu čupati.
Možeš prozore polupati.
Rekla sam ti istinu o sebi.
I da nisam takva, volio me ne bi.. Mozes imat bilo koju.
Al' ti želiš ljubav moju.
Znam da sam ti dušo neodoljiva.
Ali ja bih noćas samo plesala.
Pleši sa mnom!","I have four bad sides
It could be said that they are flaws
I kiss, I lie in parallel
I fall in love three times a day. The fourth is a bad side
I leave you these days
There's still some things that I don't lie to you
but these four are my favorite.. Chorus:
Dance with me, that's how I am and done!
Dance with me, nobody's poisoned yet!
Dance, the night wont last for your whole life!
Bah, dance with me!
Bah, I'll suit you well!. You can pull out your hair
You can break the windows
I told you the truth about myself
And if I was not like that, you would not love me. You can have anything
But you want my love
I know I am irresistible to you baby
But I would just dance tonight
Dance with me!",https://lyricstranslate.com/en/plesi-sa-mnom-dance-me.html
8OmGRJSa_1_51,Danijela Martinović,Danijela Martinović,Pola pola,15490,"Nicija sam pise mi u karti osobnoj
bila sam ti samo broj
i to je sluzbeno
ni zavjeti, ni kumovi ne pomazu, ne
spala knjiga na dva slova
rastajemo se
 
Ne pricamo, ne spavamo, predug nam je dan
zivot nam je tiha misa
soba samostan
ostaje mi samo kusur nasih godina
bolna sjecanja i pitanje na usnama

Ref. 2x
Sto ce meni poslije tebe ljubav icija
poslije tebe ja ne mogu biti nicija
pola pola dijelit cemo sto smo stekli mi
zar je dotle doslo ljubavi
(tebi dusa meni tijelo pa ko prezivi)

Ref. 4x","https://tekstovi.net/2,253,29745.html",,Pola-pola,Two Halves,,"Ničija sam piše mi u karti osobnoj.
Bila sam ti samo broj, i to je službeno.
Ni zavjeti, ni kumovi ne pomažu, ne.
Spala knjiga na dvije riječi: rastajemo se.. Ne pričamo, ne spavamo, predug nam je dan.
Život nam je tiha misa, soba samostan.
Ostaje mi samo kusur naših godina,
Bolna sjećanja i pitanje na usnama.. Refren:
Što će meni poslije tebe ljubav ičija?
Poslije tebe ja ne mogu biti ničija.
Pola-pola dijelit ćemo sto smo stekli mi.
Zar je dotle došlo, ljubavi?. Što će meni poslije tebe ljubav ičija?
Poslije tebe ja ne mogu biti ničija.
Pola-pola dijelit ćemo sto smo stekli mi.
Tebi duša meni tijelo pa tko preživi!. Ne pričamo, ne spavamo, predug nam je dan.
Život nam je tiha misa, soba samostan.
Ostaje mi samo kusur naših godina,
Bolna sjećanja i pitanje na usnama.. Refren (2x):
Što će meni poslije tebe ljubav ičija?
Poslije tebe ja ne mogu biti ničija.
Pola-pola dijelit ćemo sto smo stekli mi.
Zar je dotle došlo, ljubavi?. Što će meni poslije tebe ljubav ičija?
Poslije tebe ja ne mogu biti ničija.
Pola-pola dijelit ćemo sto smo stekli mi.
Tebi duša meni tijelo pa tko preživi!","I belong to no one, it stands in my ID card.
I was only number to you, and that's official.
Neither vows nor godparents aren't helping, no.
Our book is all about two words: the divorce.. We don’t eat and we don't sleep, it’s too much of the day.
Our life's a silent mass, a room, monastery.
Only thing I left with is a fraction of our age,
Painful memories and a question on my lips.. Chorus:
What I'm gonna do with someone's love after you're gone?
'Cause when it happens, I can't be anyone's no more.
We'll be sharing all our asssets splitted in two halves.
Did it really came to that, my love?. What I'm gonna do with someone's love after you're gone?
'Cause when it happens, I can't be anyone's no more.
We'll be sharing all our asssets splitted in two halves.
You have the soul, I have the body, we'll see who will survive!. We don’t eat and we don't sleep, it’s too much of the day.
Our life's a silent mass, a room, monastery.
Only thing I left with is a fraction of our age,
Painful memories and a question on my lips.. Chorus(2x):
What I'm gonna do with someone's love after you're gone?
'Cause when it happens, I can't be anyone's no more.
We'll be sharing all our asssets splitted in two halves.
Did it really came to that, my love?. What I'm gonna do with someone's love after you're gone
'Cause when it happens, I can't be anyone's no more.
We'll be sharing all our asssets splitted in two halves.
You have the soul, I have the body, we'll see who will survive!",https://lyricstranslate.com/en/pola-pola-two-halves.html
8OmGRJSa_1_52,Danijela Martinović,Danijela Martinović,Pomiri se sa tim,12896,"Nemoguce sad je moguce
umoci prste u vodu i prekrizi se
mokar i sam tu pred mojim vratima
stojis od jucer satima

Ref.
Pomiri se sa tim, ja te vise ne volim
jer ko je jednom izdao, ponovo ce izdati
pomiri se sa tim, ja te vise ne volim
kada se srce zatvori, tu vise nema pomoci
 
Ko krivac na mjestu svoga zlocina
ti od mene trazis zrno oprosta
i sada kad ti se sve u glavu obilo
sad bi se ti, sad bi se vratio

Ref.

Pomiri se sa tim, ja te vise ne volim
kada se srce zatvori, tu vise nema pomoci","https://tekstovi.net/2,253,12691.html",,,,,,,
8OmGRJSa_1_53,Danijela Martinović,Danijela Martinović,Puklo me,25350,"Mjesec rola iznad mora visi nad nama
doba gluho sagni uho da ti sapnem ja
nebo gori, more gori izgori i ti
daj me vodi i pogodi svojom ljubavi

Raste plima u njedrima nocas zbog tebe
srce snuje, ljubav tu je hajde vodi me
nebo gori, more gori izgori i ti
daj me vodi i pogodi svojom ljubavi
 
Ref.
Puklo, puklo bas me puklo
lupilo k'o grom
moram, moram stvarno moram
biti sa tobom

Bas me puklo neko ludilo
sve u meni je poludilo
puklo me tako bezobrazno jako
nocas te zelim, zelim opako 

Raste plima u njedrima nocas zbog tebe
srce snuje, ljubav tu je hajde vodi me
nebo gori, more gori izgori i ti
daj me vodi i pogodi svojom ljubavi

Ref. 2x

Puklo me tako bezobrazno jako
nocas te zelim, zelim opako
(4x)","https://tekstovi.net/2,253,20224.html",,,,,,,
8OmGRJSa_1_54,Danijela Martinović,Danijela Martinović,"Rano je, rano",24503,"Dobra noc vam dobri ljudi
vrijeme da se poludi
nek' se cuje, nek' se ori
kad se skupe majstori

Gdje je festa moj je dom
gdje god dodjem radim lom
nije vrijeme da se sanja
nikom nema spavanja
 
Ref. 2x
Rano je, rano prijatelji
mlado je vino i mjesec i mi
rano je, rano za doma poc
kome se spava kad luda je noc

Kisa pada, grmi, sjeva
vrijeme da se zapjeva
'ajmo ruke desna, lijeva
da mi niko ne zijeva

Ref. 4x

Rano je, rano za doma poc

Kome se spava kad luda je noc
(3x)","https://tekstovi.net/2,253,14479.html",,,,,,,https://lyricstranslate.com/en/language/english
8OmGRJSa_1_55,Danijela Martinović,Danijela Martinović,Raspasoj,11134,"Gdje ste veceras
moji nocni andjeli
tako mi treba doza ludila
 i doza ljubavi, i svi vi

Osjecam nocas da to bit ce to
ritam me dize i dize i dize
i svi smo ko jedan
 i svi smo za lom
 
Za lom, za lom
 za lom, jesmo li spremni
za lom, za lom
 za lom i zato kreni

Ref.
I dignimo case u zrak
zivio zivot, zivio mrak
i neka zagrmi sve kad vino u glavi
napravi kratki spoj, totalni raspasoj

Ref.

Ritam me dize i dize i dize
i svi smo ko jedan 
i svi smo za lom

Ref.","https://tekstovi.net/2,253,36755.html",Petar Graso,Raspašoj,Raspasoj,,"Gdje ste večeras, moji noćni andjeli?
1
ooo
Tako mi treba doza ludila i doza ljubavi,
I svi vi
o oooo
Osjećam noćas da to bit će to. Ritam me diže i diže i diže
I svi smo ko' jedan i svi smo za lom
Za lom, za lom, za lom, jesmo li spremni?
Za lom, za lom, za lom i zato kreni
Dignimo čaše u zrak, živio život! Živio mrak!
I neka zagrmi sve kad vino u glavi
Napravi kratki spoj... totalni raspašoj!. Gdje ste večeras, moji noćni andjeli?
ooo
Tako mi treba doza ludila i doza ljubavi,
I svi vi
o oooo
Osjećam noćas da to bit će to. Ritam me diže i diže i diže
I svi smo ko' jedan i svi smo za lom
Za lom, za lom, za lom, jesmo li spremni?
Za lom, za lom, za lom i zato kreni
Dignimo čaše u zrak, živio život! Živio mrak!
I neka zagrmi sve kad vino u glavi
Napravi kratki spoj... totalni raspašoj!. Ritam me diže i diže i diže
I svi smo ko' jedan i svi smo za lom
Za lom, za lom, za lom, jesmo li spremni?
Za lom, za lom, za lom i zato kreni
Dignimo čaše u zrak, živio život! Živio mrak!
I neka zagrmi sve kad vino u glavi
Napravi kratki spoj... totalni raspašoj!","Where are you tonight, my night angels, ooo
I need a dose of insanity and love so much
and all you
oooo
I feel tonight that that's it
rhythm is rising me, and rising and rising
and everyone is like one, and everyone is for party
for party, for party, for party, are we ready?
for party, for party, for party, because of that go
let's raise glasses in the air, hail, hail, hail darkness
when wine is in the head, let everything thunder
make kratki spoj, total raspasoj.",https://lyricstranslate.com/en/raspasoj-raspasoj.html
8OmGRJSa_1_56,Danijela Martinović,Danijela Martinović,Razlog,12777,"Da si ruku ikad podigao na me
imala bih za kraj dobro opravdanje
da si razocarao me bar
ides ko da nije tvoja stvar
tocku stavi bar na kraj

Da si crni lopov bilo bi mi draze
stavila bih okov na srce kad kaze
ali od te vatre niti dim
da ja te lako zamrzim
da za tobom ne zalim
da te lakse prebolim

Ref.
Daj mi razlog jedan
da me nisi vrijedan
da mi nije zao sto si otisao
da ne stojim sama otvorenih rana
pokidanih dana, zedna ljubavi
sto si meni nekad, meni duso, dao ti","https://tekstovi.net/2,253,8734.html",,,,,,,
8OmGRJSa_1_57,Danijela Martinović,Danijela Martinović,Sedma godina,9361,"Uzmi mi dar zivota kad si srce vec
pogazila se ljepota kad i tvoja rijec
prvi dan u mjesecu je a kao posljednji
ti se sad bez mene navikni

Ref. 2x
Ti, ti, ti sto ces meni ti
ne trebas mi ti
ja, ja, ja sad smo ti i ja
sreci sedma godina
 
Trajali smo ko i zima bio si mi dar
ne mjenjam se ni sa kime bol je moja stvar
prvi dan u mjesecu je a kao posljednji
ti se sad bez mene navikni 

Ref. 2x

Ti se sad bez mene navikni

Ref. 2x","https://tekstovi.net/2,253,18800.html",,,,,,,
8OmGRJSa_1_58,Danijela Martinović,Danijela Martinović,Sreca,12958,"Od sebe ne dajem ni glasa
dok se srce ne navikne
sada krov nad glavom ima
adresu javila je svima
ne da sreci da se primakne

Ref.
Ja sam prazna kuca 
puna mraka, nigdje prozora
sreco, ne kucaj na vrata
za tebe nema nikoga
 
Ja sam prazna kuca
zapustena, hladnih zidova
bit cu dobro kada odes
to sam vec prezivjela i umrla

Sve je isto, ali nije
i srce kucalo je prije
a sada stoji kao pokvareni sat
ipak zivjeti se mora
u atmosferi sto sve je gora
jer da je moglo bilo bi drugacije

Ref.

Tvoja je ljepota od vraga
od Boga u tebi nema ni traga
lijepo se budale klanjaju
a sto im spremas i ne sanjaju

Ref.","https://tekstovi.net/2,253,13134.html",,,,,,,
8OmGRJSa_1_59,Danijela Martinović,Danijela Martinović,"Sto sam ja, sto si ti",22346,"Mnogi ljudi vole na tom svijetu
jednom davno voljela sam ja
slomili me, srusili u letu
jer mi ljubav nije sudjena

Prolaze kraj mene dragi ljudi
kao da sam kip od kamena
ja ne trebam nikog da mi sudi
meni ljubav nije sudjena
 
Ref. 2x
Sto sam ja, sto si ti, moj zivote
da li sreca il' obicni san
jer ljubav, jer ljubav
meni nije sudjena

Prodje vrijeme, razvodni se tuga
nadje sebi put u grudima
ali ni tad ne smiri se ljubav
jer ljubav zivi u svim ljudima 

Ref.","https://tekstovi.net/2,253,16323.html",,"Što sam ja, što si ti","What am I, what are you",To malo ljubavi,"Mnogi ljudi vole na tom svijetu
jednom davno voljela sam ja
slomili me, srušili u letu
jer mi ljubav nije suđena. Prolaze kraj mene dragi ljudi
kao da sam kip od kamena
ja ne trebam nikog da mi sudi
meni ljubav nije suđena. Ref. 2x
Što sam ja, što si ti, moj živote
da li sreća il' obični san
jer ljubav, jer ljubav
meni nije suđena. Prođe vrijeme, razvodni se tuga
nađe sebi put u grudima
ali ni tad ne smiri se ljubav
jer ljubav živi u svim ljudima. Ref.","Many people on this world love me
Once upon a time I used to love, too
They broke me, they crashed my flight
Because love isn't meant for me. Dear people are passing next to me
Like I'm a statue of stone
I don't need anyone to judge me
Because love isn't meant for me. Chorus 2x
What am I, what are you, my life
Happiness or just a common dream
Because love, because love
Is not meant for me. Time passes, sadness waters down
And finds its way in the chest
But even then, love doesn't calm down
Because love lives in all the people. Chorus",https://lyricstranslate.com/en/%C5%A1-sam-ja-%C5%A1to-si-ti-what-am-i-what-are-you.html
8OmGRJSa_1_60,Danijela Martinović,Danijela Martinović,Sve sto srce pozeli,57074,"Ti moj si tajni osmijeh 
u kutu usana
na svijetu ni za sto te 
ne bih ja mijenjala

Kad tebe gledam ja znam
otvaram se ko cvijet
sakrij se, sunce, ja sam 
ljubav sto grije svijet
 
Ref. 2x
Sve sto srce pozeli
spava, duso, u tebi
vise mi ni ne treba
sve mi ravno do neba

Prespavala sam ljeta
sve svoje godine
ali mi nije zao
nije ni najmanje

Sretna sam kad si mi tu
daj, Boze, vremena
da sve ti dam od sebe
sto sam propustila

Ref.","https://tekstovi.net/2,253,16324.html",,,,,,,
8OmGRJSa_1_61,Danijela Martinović,Danijela Martinović,Tako mi falis,32949,"Jos me vezes za sebe 
jos racunam na tebe 
pomirit se ne mogu 
da te vise nema tu 

Da donesu koraci 
tvoji sneni jutarnji 
miris kruha u nas dom
kao nekad nedjeljom 
 
Ref.
Tako mi falis ti 
da uz pjesmu i uz ljude 
kao nekad bude
kao nekad zasvijetli 

Tako mi falis ti
jer sta vrijedi ova mladost 
tuga ili radost
bez tebe ljubavi 

Skupa smo se nadali
dizali se padali 
ja sad nemam gdje ni s kim 
bez tebe ne postojim

Ref. 2x

Jos me vezes za sebe","https://tekstovi.net/2,253,3834.html",,,,,,,
8OmGRJSa_1_62,Danijela Martinović,Danijela Martinović,Telefon,2359,"Daj mi tren da te vidim 
kad pozelis, ti idi 
kunem se u ovaj zrak 
kojeg disem 

Da te ne volim vise 
da te ne volim manje 
samo jos pod kozom 
tvoje ime pise 
 
Kazi bar nesto 

Ref.
Pusti telefon, pisi tu po srcu mome 
sa tvojih usana i otrov mi je lijek 
i ove noci neka bude sve po tvome 
ko da nije bilo oduvijek 

Pusti telefon, slikaj tu po mojoj dusi
neka i rijec kraj tvojih stopa ostane
sareni balon mojih sjecanja probusi
ako umires od dosade 

Kome pises, ljepoto 
kunem ti se zivotom 
kunem se u malo sunca 
poslije kise

Da te ne volim vise 
da te ne volim manje 
samo jos pod kozom 
tvoje ime pise

Kazi bar nesto 

Ref.

Pusti telefon, slikaj tu po mojoj dusi
neka i rijec kraj tvojih stopa ostane
sareni balon mojih sjecanja probusi
ako umires od dosade, ako umires od dosade","https://tekstovi.net/2,253,54657.html",,,,,,,
8OmGRJSa_1_63,Danijela Martinović,Danijela Martinović,Ti mozes lagat' svakome,27703,"Proganja te i sad moja sjena
ti se pravis k'o da nije tu
kazes prosla su vremena
od onda kad smo bili mi u istom snu

Sapni, reci, vici nek' te cuju
nitko nece povjerovati
usne tvoje mene truju
jer kad ti oci vide, u njima smo mi
 
Ref.
Ti mozes lagat' svakome
samo sebi samome
nikad, ne, dok zivim ja
od tebe sam nemirna

Ti mozes lagat' svakome
samo sebi samome
nikad, ne, ti zivis sam
od mene si nemiran ","https://tekstovi.net/2,253,16824.html",,,,,,,
8OmGRJSa_1_64,Danijela Martinović,Danijela Martinović,To malo ljubavi,21365,"To malo ljubavi
da dusa bolna ozdravi
da skrati teske dane
kad iz tvog srca kane
to malo ljubavi

Da sve ti grijehe oprosti
jer sve sto bolilo me 
sad fali srcu mome
to malo ljubavi

Jer dan, prodje meni dan 
kad se zavaram da te ne trebam
a noc dublja od mora
tvojom nevjerom srce nabora","https://tekstovi.net/2,253,9837.html",,To malo ljubavi,That Little Bit Of Love,To malo ljubavi,"To malo ljubavi
1
da duša bolna ozdravi
da skrati teške dane
kad iz tvog srca kane
to malo ljubavi. Da sve ti grijehe oprosti
jer sve što bolilo me
sad je u srcu mome
to malo ljubavi. Jer dan, prođe meni dan
kad se zavaram da te ne trebam
a noć dublja od mora
tvojom nevjerom srce nabora","That little bit of love
So the soul in pain would get well,
So it would shorten long days
When your heart lets out
That little bit of love.. To forgive all your sins
Because everything that used to hurt me
Now is in my heart
That little bit of love. Because a day, a day goes by for me
When I fool myself that I don't need you
And a night deeper than the sea
Wrinkles the heart by your infidelity.",https://lyricstranslate.com/en/malo-ljubavi-little-bit-love.html-0
8OmGRJSa_1_65,Danijela Martinović,Danijela Martinović,To nije to,18464,"To nije to, on me vara bez imalo stida
i sipa bol izmedju ova cet'ri zida 

To nije to, ja nemam 
kamen pod rebrima
glava bjezi a srce zna
doslo je vrijeme da
 
Ref.
Kazem ti, odlazi od mene ti 
mira mi daj
ova ljubav je siva 
ja sam najmanje kriva za kraj 

I zato odlazi od mene ti 
mira mi daj
evo, doslo je vrijeme 
da za kraj priznamo, to nije to

Pred nama noc gomila 
tvojih ispranih rijeci
po koji put ja 
preko svega moram prijeci

Ref.

U meni su prostranstva
srce trazi da ga dam
ti nemas dostojanstva
ja snage da oprastam

Ref.","https://tekstovi.net/2,253,16325.html",,,,,,,
8OmGRJSa_1_66,Danijela Martinović,Danijela Martinović,U zivotu mom,15316,"Povedi me daleko
gdje toplije su zime
gdje ne znaju mi ime
gdje se samo smije
i briga me nije

Kako stvari stoje
izmedju nas dvoje
sad ne bi bilo tesko
priznati ti nesto
 
Ref. 2x
U zivotu mom
sve neka bude po tvom
ja dat cu ti sve
ne idi, ne, zbog nje

Voli me polako
al' neka bude jako
nek nikad ne presusi
to sto cuvas za me na dusi

Ako bi sa jugom
zamijenio me drugom
hoces li mi moci
pogledat' u oci

Ref. 2x

U zivotu mom
ja dat cu ti sve
ne idi, ne, zbog nje

Ref. 2x","https://tekstovi.net/2,253,16326.html",,,,,,,
8OmGRJSa_1_67,Danijela Martinović,Danijela Martinović,Unikat,7346,"Jesam li tvome srcu ja
sto je medalji pozlata
jedna je ljubav bez kraja
most koji obale spaja
za vjeke vjekova

Ref.
Poljubi me
neka stanu satovi
neka krenu svatovi
nek' se pjeva
na sav glas za nas

Poljubi me
neka stanu satovi
neka krenu svatovi
pijani ko ja i ti
pijani od ljubavi

Ne trazi na drugim usnama
opijum moga poljupca 
jedna je ljubav unikat
srce je ne brise nikad 
za vjeke vjekova

Ref.

Jedna je ljubav unikat
srce je ne brise nikad 
za vjeke vjekova

Ref.","https://tekstovi.net/2,253,31358.html",,,,,,,https://lyricstranslate.com/en/language/english-artists
8OmGRJSa_1_68,Danijela Martinović,Danijela Martinović,Virus,12022,"Tvoje je lice samo otisak 
izmedju dlanova 
mirise opet sveta nedjelja 
iz tudjih stanova 

A ja pod ovim nebom prvi put 
ko nocna smrt 
za dah il' dva, za rijec ko lijek 
ponos gubim zauvijek
 
Ref.
Ti si mi prvi virus u krvi 
zbog tebe zdrava opet bolujem
ti si mi prvi virus u krvi 
od tebe odlazim, a znam 
da ti pripadam

Hajde, bar jednom, duso, budi fer 
i priznaj da si njen 
i budi covjek, nemoj biti zvijer 
idi ko prijatelj 

Jer ja sa tobom vise ne igram 
igre bez granica 
za nju si jos briljant i bros 
a meni kriva stanica 

Ref.","https://tekstovi.net/2,253,16327.html",,,,,,,
8OmGRJSa_1_69,Danijela Martinović,Danijela Martinović,Volim barabu,3757,"Nije krizna godina
al' mi treba promjena
uredan i ispravan
postao si dosadan

Kazi kad smo postali
paralelni svijetovi
kad smo krenuli tko zna
u dva smjera suprotna
 
Tiru riruriru
u medjuvremenu
stvar si proslosti
i mi smo gotovi

Tiru riruriru
u medjuvremenu
on mi brise suze sve
on je kraj mene

Ja imam malu gresku
imam narav tesku
volim da, volim da
da je musko musko

A moja familija
kaze nisi normalna
cija si, cija si
uvijek biras krivoga

Ref.
Volim barabu
moju budalu, moju budalu
nebitno u kom izdanju

Volim barabu, moju budalu
i bas smo bili
dvije noci u komadu

Ref.

Ref.

Tiru riruriru","https://tekstovi.net/2,253,51895.html",,Volim barabu,I love a bad boy,,"Nije krizna godina
1
al mi treba promjena
uredan i ispravan
postao si dosadan. Kaži kad smo postali
paralelni svijetovi
kad smo krenuli tko zna
u dva smjera suprotna. Tiru riruriru
U medjuvremenu
stvar si prošlosti
i mi smo gotovi. Tiru riruriru
U medjuvremenu
on mi briše suze sve
on je kraj mene. Ja imam malu grešku
imam narav tešku
volim da volim da
da je muško muško. A moja familija
kaže nisi normalna
čija si čija si
uvijek biraš krivoga. Volim barabu
moju budalu
moju budalu
nebitno
u kom izdanju. Volim barabu
moju budalu
i baš smo bili
dvije noći
u komadu. Tiru riruriru
U medjuvremenu
stvar si prošlosti
i mi smo gotovi. Tiru riruriru
U medjuvremenu
on mi briše size sve
on je kraj mene. Ja imam malu grešku
imam narav tešku
volim da volim da
da je muško muško. A moja familija
kaže nisi normalna
čija si čija si
uvijek biraš krivoga. Volim barabu
moju budalu
moju budalu
nebitno
u kom izdanju. Volim barabu
moju budalu
i baš smo bili
dvije noći
u komadu. Ja imam malu grešku
imam narav tešku
volim da volim da
da je muško muško. A moja familija
kaže nisi normalna
čija si čija si
uvijek biraš krivoga. Volim barabu
moju budalu
moju budalu
nebitno
u kom izdanju. Volim barabu
moju budalu
i baš smo bili
dvije noći
u komadu","It’s not a crisis year
but I need a change
Neat and correct,
you’ve become boring. Tell me when we turned into
parallel worlds
When did we start, who knows,
Going in opposite directions. Tiru riruriru
In the meantime
You’re a thing of the past
and we’re finished. Tiru riruriru
In the meantime
He wipes away my tears
He’s by my side. I have a small fault
I have a difficult nature
I like, I like
A man to be a man. But my family
Tell me I’m not normal
‘Who are you? Who are you?
You always choose the wrong type .’. I love a bad boy
My airhead
My airhead
Doesn’t matter
How he looks. I love a bad boy
My airhead
We just spent
two nights
together. Tiru riruriru
In the meantime
You’re a thing of the past
And we’re finished. Tiru riruriru
In the meantime
He wipes away my tears
He’s by my side. I have a small fault
I have a difficult nature
I like, I like
A man to be a man. But my family
Tell me I’m not normal
‘Who are you? Who are you?
You always choose the wrong type .’. I love a bad boy
My airhead
My airhead
Doesn’t matter
How he looks. I love a bad boy
My airhead
We just spent
two nights
together. I have a small fault
I have a difficult nature
I like, I like
A man to be a man. But my family
Tell me I’m not normal
‘Who are you? Who are you?
You always choose the wrong type .’. I love a bad boy
My airhead
My airhead
Doesn’t matter
How he looks. I love a bad boy
My airhead
We just spent
two nights
together",https://lyricstranslate.com/en/volim-barabu-i-love-bad-boy.html
8OmGRJSa_1_70,Danijela Martinović,Danijela Martinović,Za ljubav nisam znala,14347,"Zaboravi na godine
na sve sto muci te
u pravu ljubav vjeruj ti
jer samo ona ostaje

Zaboravi na navike
na dane protekle
vjeruj u ljubav ona moze sve
ti samo budi kraj mene
 
Ref. 2x
Do sad za ljubav nisam znala
a nocas sve bih tebi dala
vjeruj u srce
kada znak ti jednom da
a kada volis, voli do dna

Ref. 4x","https://tekstovi.net/2,253,18444.html",,,,,,,
8OmGRJSa_1_71,Danijela Martinović,Danijela Martinović,Za tebe rodjena,23791,"Sve je dosad krivo bilo
oko mene sivilo
sve je bilo tudje, lazno
i oko mene nevazno
sve sami obziri i hladni dodiri

Ref. 2x
Za tebe rodjena, od drugih voljena
od drugih budjena, a tebi sudjena
citav mi je svijet tih igara splet
svaki mi je dan izgubljeni san
izgubljeni san

Znam da ces sve to ti
ja znam da ces sve to ti
sve promjeniti
","https://tekstovi.net/2,253,8743.html",,Za tebe rođena,Born for you,,"Sve je dosad krivo bilo
1
oko mene sivilo
sve je bilo tuđe, lažno
i oko mene nevažno
sve sami obziri i hladni dodiri. Za tebe rođena, od drugih voljena
od drugih buđena, a tebi suđena
čitav mi je svijet tih igara splet
svaki mi je dan izgubljeni san
izgubljeni san. Znam da ćeš sve to ti
ja znam da ćeš sve to ti
sve promijeniti","Everything up to now has been wrong
Gray all around me
Everything was a strangers, a lie
And everything was unimportant
only considerations and cold touches. Born for you, loved by others
others have woken me up, but I'm destined for you
All of my life has been a tangled game
Everything to me is a lost dream
lost dream. I know that all that
I know that all that
you will change",https://lyricstranslate.com/en/za-tebe-rodjena-born-you.html
8OmGRJSa_1_72,Danijela Martinović,Danijela Martinović,Zakon,8815,"U lokalu crna macka
negdje iza deset sati
dogodila se pljacka
kakvu ovaj svijet ne pamti

Zalio me picem
rek'o, mala, nisam htio
a ja nisam se ni makla
moj je zivot njegov bio
 
Ref.
I zato ga zatvorite
nikada ne dozvolite
da ucini opet to
ma, zakon ne smije biti mek

Jer treba ga osuditi
da me mora ljubiti
cijeli zivot provesti
samo sa mnom zauvijek

Lopov je od stila
krade kao da se sali
cak i Bonnie Parker
pitala bi ko je mali

Ukrao mi srce
razbio ga kao vazu
a zbog manjih kradja
bili su u Alkatrazu

Ref.

I zato ga zatvorite
zauvijek ga razbolite
nek u krevet padne on
a samo meni dajte lijek

Zauvijek ga zakljucajte
u srce vi mu pucajte
da on nikog ne voli
osim mene zauvijek

Ma, zakon ne smije biti mek
jer treba ga osuditi
da me mora ljubiti
cijeli zivot provesti
samo sa mnom zauvijek","https://tekstovi.net/2,253,18681.html",,,,,,,
8OmGRJSa_1_73,Danijela Martinović,Danijela Martinović,Zalosna bi bila,9951,"Zavedi me mirne duse ti
zavedi me da nam zavidi
pola svijeta sto bez duse seta
cvijeta koji nismo mi

Povedi me stavi me u dlan
povedi me da ti pripadam
sita svega samo tebe gladna
svega odrecu se ja
 
Ref. 2x
Zalosna bi bila
da mi tebe nema tu
i u snu i u snu
i u dobru i u zlu da te nema

Povedi me stavi me u dlan
povedi me da ti pripadam
sita svega samo tebe gladna
svega odrecu se ja

Ref. 2x

Zalosna bi bila
da te nema 

Ref.

I u snu i u snu
i u dobru i u zlu da te nema","https://tekstovi.net/2,253,18804.html",,,,,,,
8OmGRJSa_1_74,Danijela Martinović,Danijela Martinović,Zima,10561,"Nije meni sto te nema tu
od svih drugih ti si htio nju
pa da nosi tvoje ime
neka nosi, slomila se s njime

Ref.
Zima, tvrda zemlja dusu ima
zima, plamti srce u grudima
zima, da ti nikad ne oprosti
sto si drugu htio vjetar nek te nosi
 
Bila bih ti bolja od svih ja
samo tiha voda voljet' zna
teci, rijeko, nakon svega
kad ga vidim bolje da me nema 

Ref.","https://tekstovi.net/2,253,16318.html",,Zima,Winter,Zovem te ja,"Nije meni što te nema tu
od svih drugih ti si htio nju
pa da nosi tvoje ime
neka nosi, slomila se s njime. Ref.
Zima, tvrda zemlja dušu ima
zima, plamti srce u grudima
zima, da ti nikad ne oprosti
što si drugu htio vjetar nek te nosi. Bila bih ti bolja od svih ja
samo tiha voda voljet' zna
teci, rijeko, nakon svega
kad ga vidim bolje da me nema. Ref.3x:
Zima, tvrda zemlja dušu ima
zima, plamti srce u grudima
zima, da ti nikad ne oprosti
što si drugu htio vjetar nek te nosi. vjetar nek te nosi...","I don't care that you're not here
among all others you chose her
to carry your name
she should carry it, and crush under its weight. Chorus:
Winter, the hard soil has a soul
winter, the heart is burning in the chest
winter should never forgive you
for wanting somebody else, the wind should carry you away. I would be better then all of them
only silent water knows how to love
river, flow, after all
when I see him I better disappear. Chorus:
Winter, the hard soil has a soul
winter, the heart is burning in the chest
winter should never forgive you
for wanting somebody else, the wind should carry you away. the wind should carry you away",https://lyricstranslate.com/en/zima-winter.html-3
8OmGRJSa_1_75,Danijela Martinović,Danijela Martinović,Zivim da zivim,8720,"Koliko treba suza
koliko treba boli
da s tobom vise nista nemam
nista nemam ja, osim pozdrava

Ref. 2x
Zivim da zivim, a umrla bih sutra
smijem se, ali place sve iznutra
zivim da zivim i putujem daleko
tamo gdje me ceka bolji neko
 
U kutu mog' ormara
jedna je slika stara
na njoj smo nekad sretni bili
sretni ja i ti i prica ljubavi

Ref. 2x","https://tekstovi.net/2,253,31359.html",,Živim da živim,I live to live,Unikat,"Koliko treba suza,
koliko treba boli,
da s tobom više ništa nemam,
ništa nemam ja, osim pozdrava. (Refren)
Živim da živim,
a umrla bih sutra.
Smijem se, ali
plače sve iznutra.
Živim da živim
i putujem daleko,
tamo gdje me
čeka bolji neko.. U kutu mog ormara,
jedna je slika stara.
Na njoj smo nekad sretni bili.
Sretni ja i ti, bivša ljubavi.. (Refren). Ajmo momci.... tamo gdje me čeka bolji neko.","How many tears,
how much does it have to hurt,
to not have anything to do with you anymore,
to do with you anymore, except greetings. I live to live,
but I would die tomorrow.
I'm laughing but
I'm crying on the inside.. I live to live
and traveling far away,
over there where somebody
better is waiting for me.. In the corner of my closet,
there is an old picture.
We were happy on that picture.
Happy you and me, ex love.. Let's go guys.... Over there where somebody
better is waiting for me.",https://lyricstranslate.com/en/zivim-da-%C5%BEivim-i-live-live.html-0
8OmGRJSa_1_76,Danijela Martinović,Danijela Martinović,Zivot stati nece,25483,"Sta su meni ove rane
jedna vise, jedna manje
sta je to, jos jedan oziljak
kada rijec u grlu stane
sve su niti pokidane
covjek mora biti jak
 
Sada dijeli se jedna ljubav
jedno srce, jedan svijet

Ref.
Zivot stati nece ako izgubim te ja
sta je tuga, drugo lice srece
bice bolje od ponedjeljka
zivot stati nece ako izgubim te ja
neka rijeka prijatelja tece
bice bolje od ponedjeljka

Sta su meni ove rane
jedna vise, jedna manja
sta je to, jos jedan oziljak
sve su price ispricane
i ruke su odvezane
svojim putem ide svak","https://tekstovi.net/2,253,13135.html",,Život stati neće,Life Will Not Stop,Oaza,"Što su meni ove rane?
Jedna više, jedna manje
Šta je to - još jedan ožiljak?
Kada riječ u grlu stane
Sve su niti pokidane
Čovjek mora biti jak. Sada dijeli se
Jedna ljubav
Jedno srce,
Jedan svijet. Život stati neće
Ako izgubim te ja
Šta je tuga?
Drugo lice sreće
Bit će bolje
Od ponedjeljka
Život stati neće
Ako izgubim te ja
Neka rijeka prijatelja teče
Bit će bolje
Od ponedjeljka. Šta su meni ove rane?
Jedna više, jedna manje
Šta je to - još jedan ožiljak?
Sve su priče ispričane
I ruke su odvezane
Svojim putem ide svak'. Sada dijeli se
Jedna ljubav
Jedno srce,
Jedan svijet. Život stati neće
Ako izgubim te ja
Šta je tuga?
Drugo lice sreće
Bit će bolje
Od ponedjeljka
Život stati neće
Ako izgubim te ja
Neka rijeka prijatelja teče
Bit će bolje
Od ponedjeljka","What are these wounds to me?
One more, one less
What's one more scar?
When the word won't come out the throat
All the ties are broken
Man has got to be strong. Now one love
One heart
One world are
Being split apart. Lif will not stop
If I lose you
What is sorrow?
The other side of happiness
It will get better
From Monday on
Life will not stop
If I lose you
Let the river made of friends flow
It will get better
From Monday on. What are these wounds to me?
One more, one less
What's one more scar?
All the stories are told
And hands untied
Everyone is one their way. Now one love
One heart
One world are
Being split apart. Lif will not stop
If I lose you
What is sorrow?
The other side of happiness
It will get better
From Monday on
Life will not stop
If I lose you
Let the river made of friends flow
It will get better
From Monday on",https://lyricstranslate.com/en/%C5%BEivot-stati-ne%C4%87e-life-will-not-stop.html
8OmGRJSa_1_77,Danijela Martinović,Danijela Martinović,Zovem te ja,31873,"Umirem od zelje da si tu
da me slomis u trenu
da na podne od zivota mog
spustis svoju sjenu

Umirem od zelje da si tu
da ti koraci skrenu na put
gdje ces pronaci ti
samo zaljubljenu zenu
 
Ref. 2x
Zovem te ja, vrata su ti otvorena
u ocima svojim vidim te ja
znas li da si ljubav moja

Mojom zorom ceste prolaze
bez mene daleke
dan ce skoro, a tu ne pise
koja vodi do tebe

","https://tekstovi.net/2,253,9838.html",,Zovem te ja,I'm calling you,Zovem te ja,"Umirem od želje da si tu
da me slomiš u trenu
da na podne od života mog
spustiš svoju sjenu. Umirem od želje da si tu
da ti koraci skrenu na put
gdje ćeš pronaći ti
samo zaljubljenu ženu. [Refren]
Zovem te ja, vrata su ti otvorena
u očima svojim vidim te ja
znaš li da si ljubav moja?. Mojom zorom ceste prolaze
bezimene, daleke
dan će skoro, a tu ne piše
koja vodi do tebe","I'm dying of wish to have you by my side
to break me in a moment
that at noon of my life
you lay your shadow upon me. I'm dying of wish to have you by my side
that your steps turn the right way
where you will find
just a woman in love. Ref. 2x
I'm calling you, the doors are open
I see you in my eyes
do you know that you are my love?. The roads are passing through my dawn
without me in the distance
It's almost day, and it doesn't say there
which road leads to you",https://lyricstranslate.com/en/zovem-te-ja-im-calling-you.html
8OmGRJSa_1_78,Danijela Martinović,Danijela Martinović,Zumbuli (ft. Delfini),7055,"Nije vjetar, nije lisce
to je samo zelja bila
dirnula je sunce moje dotakla je tvoja krila

Nije pjena, nije travka plavo nebo jos te ceka
suti oblak, suti more 
nema za me drugog lijeka
 
Ref.
Zumbuli su cvjetali za tebe
ali nikad nije bilo srece
nada vene, a u plavoj vazi
jos te ceka ono divno cvijece

Nije lasta, nije kaplja 
to je samo zelja bila
pored mene tvoja slika
tu sam svoju tugu skrila

Ref.","https://tekstovi.net/2,253,26135.html",,,,,,,
